0:(0,0);(0,0);(0,0);(0,0)
1:(0,0);(0,0);(0,0);(0,0)
2:(0,0);(0,0);(0,0);(0,0)
3:(0,0);(0,0);(0,0);(0,0)
4:(0.00158449,4.8201e-05);(-0.00156937,-0.000337246);(0.00140262,0.00064395);(-0.00119097,-0.00104442)
5:(0.00161889,8.64357e-05);(-0.00151924,-0.000361418);(0.00144659,0.000690369);(-0.00123435,-0.00105326)
6:(0.0015652,3.70262e-05);(-0.00154607,-0.000322493);(0.00142221,0.00068504);(-0.00126084,-0.00100747)
7:(0.00159164,3.47699e-05);(-0.00156282,-0.000348647);(0.0014236,0.000754177);(-0.00121512,-0.00104028)
8:(0.00152381,1.90842e-05);(-0.00157409,-0.000362503);(0.00138715,0.000762531);(-0.00124729,-0.00106069)
9:(0.001585,9.74289e-06);(-0.00151896,-0.000416688);(0.00139372,0.000727513);(-0.00123485,-0.00108081)
10:(0.00153486,4.89453e-05);(-0.00153162,-0.00035479);(0.00139284,0.000667601);(-0.00120204,-0.000980752)
11:(0.00156768,8.40833e-05);(-0.00153474,-0.000299314);(0.00141995,0.000713736);(-0.00125611,-0.00103423)
12:(0.00159071,3.68097e-05);(-0.00154744,-0.000380513);(0.00140463,0.000742684);(-0.00125889,-0.00104332)
13:(0.00156908,6.34041e-05);(-0.00153558,-0.00036133);(0.00142286,0.000729311);(-0.00120312,-0.00103946)
14:(0.00158444,4.32832e-05);(-0.00156583,-0.000348253);(0.00135614,0.000740708);(-0.00123676,-0.000999681)
15:(0.00156205,2.32355e-05);(-0.00155927,-0.000380525);(0.00142072,0.000714681);(-0.00123906,-0.00105216)
16:(0.00159275,8.42521e-05);(-0.00153847,-0.000367623);(0.00139829,0.000695149);(-0.00117144,-0.00096301)
17:(0.00156573,8.54171e-05);(-0.00155253,-0.000375685);(0.00138936,0.000705725);(-0.00118541,-0.00100957)
18:(0.00160064,0.000101315);(-0.00157625,-0.000358753);(0.00141469,0.000736436);(-0.00119319,-0.000976014)
19:(0.0015568,7.16524e-05);(-0.00156676,-0.000402665);(0.00145246,0.000770406);(-0.00120887,-0.00101473)
20:(0.00160332,1.2564e-05);(-0.00155301,-0.000404776);(0.00141548,0.000728224);(-0.00120969,-0.00104988)
21:(0.00159036,1.76122e-05);(-0.00152682,-0.000341937);(0.00141994,0.000714443);(-0.00116599,-0.00110991)
22:(0.00156744,5.25768e-05);(-0.00158397,-0.000352452);(0.00139115,0.000741824);(-0.00119867,-0.000996445)
23:(0.00154511,-1.25829e-05);(-0.00155401,-0.0003415);(0.00141727,0.000673522);(-0.00121094,-0.00102683)
24:(0.0015846,3.34187e-05);(-0.00151929,-0.000347673);(0.00144354,0.000741909);(-0.00124041,-0.00101728)
25:(0.00156825,9.61869e-05);(-0.00158097,-0.000345124);(0.0014061,0.000724565);(-0.00126167,-0.00100608)
26:(0.00161379,5.3423e-05);(-0.00153627,-0.000338445);(0.00144559,0.000780631);(-0.00120023,-0.00101705)
27:(0.00155579,0.000102631);(-0.00150699,-0.000399466);(0.00139905,0.000729492);(-0.00125609,-0.00103651)
28:(0.00154543,6.53475e-05);(-0.00150819,-0.000364457);(0.00138157,0.000711104);(-0.0012419,-0.00101234)
29:(0.00158484,7.35139e-05);(-0.0015575,-0.000365499);(0.00146918,0.000741713);(-0.00121125,-0.0010337)
30:(0.00157338,3.80922e-05);(-0.00150811,-0.00039659);(0.00140119,0.000704726);(-0.00121084,-0.00100595)
31:(0.00158461,3.36473e-05);(-0.00155811,-0.000383963);(0.00144386,0.000687929);(-0.00124235,-0.00106049)
32:(0,0);(0,0);(0,0);(0,0)
33:(0.00155988,3.38352e-05);(-0.00155933,-0.000385465);(0.00138503,0.000772911);(-0.00121226,-0.00103715)
34:(0.00154957,4.42395e-05);(-0.00159126,-0.000426537);(0.0013915,0.000705017);(-0.00119743,-0.00102491)
35:(0.00158218,2.76728e-05);(-0.00153783,-0.000365303);(0.00137541,0.000672491);(-0.00120271,-0.00109338)
36:(0.00158428,8.30685e-05);(-0.00156864,-0.000349763);(0.00140696,0.000719824);(-0.00121168,-0.00104325)
37:(0.00157399,6.88095e-05);(-0.00156968,-0.000385611);(0.00141204,0.000680464);(-0.00121626,-0.00106626)
38:(0.00157814,6.36268e-05);(-0.00156722,-0.000372125);(0.00145938,0.000707045);(-0.00118751,-0.00105255)
39:(0.00155662,6.29317e-05);(-0.00152538,-0.000383238);(0.00141523,0.000757273);(-0.00120847,-0.0011021)
40:(0.00160165,0.000108431);(-0.00155131,-0.0003654);(0.00142532,0.000678329);(-0.00120616,-0.00105619)
41:(0.00161432,8.04772e-05);(-0.00157715,-0.000431273);(0.00142678,0.000747627);(-0.00120583,-0.00108862)
42:(0.00154823,9.26972e-05);(-0.00156,-0.00034323);(0.00143701,0.000672317);(-0.0011785,-0.00106221)
43:(0.00154916,6.27751e-05);(-0.00158582,-0.000361723);(0.0014251,0.000702377);(-0.00124703,-0.00104391)
44:(0.00157202,9.77256e-05);(-0.00158236,-0.000422783);(0.00143765,0.000705539);(-0.00122163,-0.00104078)
45:(0.00154582,6.41004e-05);(-0.00155152,-0.000371396);(0.00141464,0.000750491);(-0.00120181,-0.00101751)
46:(0.00159582,5.97664e-05);(-0.00152983,-0.000359596);(0.00138143,0.000780149);(-0.00122982,-0.00107194)
47:(0.00155338,0.000123303);(-0.00155726,-0.000319305);(0.00137029,0.000715391);(-0.00121329,-0.0010603)
48:(0.00154816,2.59398e-05);(-0.0016138,-0.000393429);(0.00141991,0.000720818);(-0.00123815,-0.00106902)
49:(0.00149701,5.17447e-05);(-0.00154572,-0.000396011);(0.00141504,0.000767742);(-0.00121553,-0.00103949)
50:(0.00158522,4.91171e-05);(-0.00155973,-0.000355704);(0.00136721,0.000751273);(-0.0011908,-0.00108737)
51:(0.00157115,4.76355e-05);(-0.0015161,-0.000351886);(0.001392,0.000685339);(-0.00118831,-0.00104036)
52:(0.00155159,5.95226e-06);(-0.00153049,-0.000297079);(0.0014091,0.000689449);(-0.0011415,-0.00099432)
53:(0.00156779,1.24679e-05);(-0.00158922,-0.000377738);(0.00141473,0.000661207);(-0.0011961,-0.00103942)
54:(0.00155787,3.82735e-05);(-0.00152546,-0.000281086);(0.00142301,0.000680096);(-0.00123688,-0.00101858)
55:(0.00157757,5.96041e-05);(-0.00155057,-0.00035287);(0.00139263,0.000739211);(-0.00119142,-0.00106618)
56:(0.00155835,4.02047e-05);(-0.00155262,-0.000346241);(0.00148542,0.000702558);(-0.00124371,-0.000995759)
57:(0.00154992,6.15377e-05);(-0.00156451,-0.000329162);(0.00139535,0.000701237);(-0.00121639,-0.00100636)
58:(0.00157312,8.53164e-05);(-0.00158774,-0.000454681);(0.00144028,0.000703505);(-0.0012202,-0.0010428)
59:(0.00157117,8.08985e-05);(-0.00152325,-0.000373611);(0.0014501,0.000755242);(-0.00125295,-0.000992017)
60:(0.00158669,5.86781e-05);(-0.00157558,-0.000388097);(0.00148093,0.000728476);(-0.00116963,-0.00104587)
61:(0,0);(0,0);(0,0);(0,0)
62:(0,0);(0,0);(0,0);(0,0)
63:(0,0);(0,0);(0,0);(0,0)
