22:10:39.001, 	0.0239202, 	23.0, 	5.10998, 	-22.21278725922066

 NEW RECORD - 11-09-2023 11:12:19, 	peak_power,	 snr_est,	 range,	 angle
11:12:19.301, 	34.4674, 	15.5616, 	2.2544, 	-3.13493
11:12:19.360, 	14.8545, 	17.0896, 	2.2544, 	-4.03194
11:12:19.682, 	21.9706, 	16.1773, 	2.2544, 	-3.13493
11:12:19.803, 	29.6708, 	18.0407, 	2.2544, 	-3.13493
11:12:19.883, 	12.9774, 	15.8122, 	2.2544, 	-2.23869
11:12:20.104, 	19.8728, 	15.0136, 	2.4047, 	-3.13493
11:12:20.445, 	16.8318, 	16.4707, 	2.2544, 	-5.82915
11:12:20.645, 	43.7417, 	16.9644, 	2.2544, 	-3.13493
11:12:20.746, 	20.6113, 	17.8593, 	2.70528, 	-3.13493
11:12:20.826, 	37.3216, 	18.4994, 	2.2544, 	-4.03194
11:12:21.208, 	21.3199, 	18.5352, 	2.2544, 	-2.23869
11:12:21.369, 	40.7226, 	15.0415, 	2.4047, 	-4.03194
11:12:22.214, 	24.8977, 	16.6529, 	2.55499, 	-4.92994
11:12:22.294, 	17.8233, 	17.0464, 	2.10411, 	-3.13493
11:12:22.395, 	28.9219, 	15.1058, 	2.2544, 	-4.92994
11:12:22.977, 	24.8462, 	16.9947, 	2.2544, 	-3.13493
11:12:23.057, 	29.9794, 	16.0918, 	2.4047, 	-4.92994
11:12:23.237, 	24.3305, 	15.5456, 	2.2544, 	-3.13493
11:12:23.458, 	31.78, 	18.8531, 	2.4047, 	-4.92994
11:12:23.599, 	15.3279, 	16.0845, 	2.2544, 	-4.92994
11:12:23.819, 	27.058, 	16.7357, 	2.4047, 	-4.03194
11:12:24.401, 	20.0114, 	15.0867, 	2.2544, 	-4.03194
11:12:25.063, 	27.7434, 	16.8535, 	2.4047, 	-4.03194
11:12:27.070, 	14.7242, 	16.168, 	2.10411, 	-0.447628
11:12:27.873, 	14.6854, 	15.4719, 	1.95382, 	-10.3516
11:12:30.266, 	23.1405, 	15.7821, 	13.6767, 	-15.8689
11:12:30.950, 	29.4218, 	15.2551, 	2.2544, 	-4.92994
11:12:30.990, 	15.7125, 	16.1294, 	10.9714, 	8.53639
11:12:31.975, 	98.6393, 	18.6798, 	5.86145, 	39.2579
11:12:32.015, 	85.3234, 	20.4291, 	6.01174, 	39.2579
11:12:32.061, 	116.027, 	19.5072, 	5.86145, 	39.2579
11:12:32.121, 	98.3137, 	18.7516, 	6.01174, 	39.2579
11:12:32.161, 	104.148, 	20.687, 	6.16203, 	42.8192
11:12:32.221, 	80.6281, 	17.6371, 	6.01174, 	44.0521
11:12:32.261, 	66.53, 	15.3179, 	3.75734, 	38.111
11:12:32.302, 	81.6475, 	18.352, 	6.01174, 	42.8192
11:12:32.343, 	96.3725, 	18.5833, 	6.01174, 	41.6104
11:12:32.383, 	156.093, 	20.4826, 	5.86145, 	38.111
11:12:32.423, 	145.437, 	19.5965, 	5.71115, 	38.111
11:12:32.463, 	115.013, 	19.7264, 	5.86145, 	38.111
11:12:32.504, 	166.151, 	20.7116, 	5.86145, 	39.2579
11:12:32.544, 	85.893, 	19.1313, 	5.86145, 	39.2579
11:12:32.584, 	97.435, 	17.8176, 	5.86145, 	38.111
11:12:32.624, 	162.614, 	20.4846, 	5.86145, 	36.9819
11:12:32.665, 	144.924, 	21.8671, 	5.86145, 	38.111
11:12:32.705, 	198.403, 	22.9113, 	5.71115, 	35.8692
11:12:32.745, 	447.339, 	22.4689, 	3.60704, 	24.4603
11:12:32.785, 	1016.97, 	27.1808, 	3.60704, 	23.4805
11:12:32.826, 	1317.38, 	30.0146, 	3.60704, 	24.4603
11:12:32.866, 	1416.05, 	28.9672, 	3.60704, 	24.4603
11:12:32.906, 	1280.29, 	30.6425, 	3.60704, 	24.4603
11:12:32.946, 	1004.37, 	28.5018, 	3.60704, 	24.4603
11:12:32.987, 	1286.05, 	29.7825, 	3.60704, 	24.4603
11:12:33.027, 	975.707, 	27.6258, 	3.60704, 	23.4805
11:12:33.067, 	774.712, 	27.4905, 	3.60704, 	24.4603
11:12:33.108, 	301.432, 	23.094, 	3.60704, 	23.4805
11:12:33.148, 	240.58, 	23.0897, 	5.71115, 	36.9819
11:12:33.192, 	209.267, 	21.11, 	5.86145, 	39.2579
11:12:33.228, 	230.797, 	25.2718, 	5.86145, 	39.2579
11:12:33.268, 	164.094, 	18.6588, 	3.60704, 	25.4477
11:12:33.309, 	156.547, 	21.0484, 	5.86145, 	39.2579
11:12:33.349, 	102.505, 	20.484, 	6.01174, 	39.2579
11:12:33.389, 	106.714, 	19.3869, 	5.86145, 	39.2579
11:12:33.429, 	108.435, 	18.6012, 	6.01174, 	40.4239
11:12:33.470, 	88.4393, 	18.9649, 	6.01174, 	40.4239
11:12:33.510, 	78.3973, 	17.9865, 	6.01174, 	40.4239
11:12:33.550, 	58.3899, 	18.7734, 	6.31233, 	42.8192
11:12:33.590, 	59.8432, 	17.8095, 	6.01174, 	40.4239
11:12:33.630, 	63.4547, 	17.4412, 	6.31233, 	44.0521
11:12:33.671, 	95.9651, 	17.3893, 	5.71115, 	35.8692
11:12:33.711, 	61.3972, 	16.0563, 	6.16203, 	41.6104
11:12:33.751, 	56.4479, 	17.9898, 	6.01174, 	39.2579
11:12:33.791, 	142.28, 	21.7803, 	5.86145, 	40.4239
11:12:33.832, 	136.435, 	19.1662, 	5.86145, 	38.111
11:12:33.872, 	182.772, 	20.6197, 	5.86145, 	38.111
11:12:33.912, 	94.9394, 	19.4165, 	5.86145, 	38.111
11:12:33.952, 	116.237, 	19.7618, 	5.86145, 	38.111
11:12:33.993, 	76.9292, 	17.6343, 	5.86145, 	39.2579
11:12:34.043, 	112.689, 	20.8317, 	6.01174, 	38.111
11:12:34.083, 	92.0243, 	19.7976, 	5.86145, 	38.111
11:12:34.124, 	81.003, 	19.3861, 	5.86145, 	38.111
11:12:34.164, 	60.9491, 	16.0812, 	3.75734, 	22.508
11:12:34.265, 	52.966, 	16.6681, 	3.75734, 	23.4805
11:12:34.345, 	71.8704, 	17.5362, 	3.60704, 	23.4805
11:12:34.426, 	65.7449, 	15.0071, 	3.60704, 	24.4603
11:12:34.547, 	83.1736, 	19.3765, 	3.60704, 	23.4805
11:12:34.627, 	128.99, 	18.6942, 	3.75734, 	24.4603
11:12:34.708, 	79.9317, 	18.1062, 	3.60704, 	24.4603
11:12:34.829, 	104.734, 	17.4373, 	3.60704, 	23.4805
11:12:34.909, 	87.6181, 	17.7566, 	3.60704, 	23.4805
11:12:34.989, 	73.6665, 	15.7815, 	3.60704, 	23.4805
11:12:35.029, 	112.674, 	19.1375, 	3.60704, 	24.4603
11:12:35.110, 	83.8713, 	17.9177, 	3.60704, 	25.4477
11:12:35.251, 	64.1752, 	16.4765, 	3.75734, 	24.4603
11:12:35.291, 	54.1166, 	16.3765, 	3.60704, 	25.4477
11:12:35.331, 	81.1259, 	15.8816, 	3.75734, 	25.4477
11:12:35.371, 	53.6114, 	15.9664, 	3.60704, 	24.4603
11:12:35.412, 	58.4511, 	15.7164, 	3.60704, 	24.4603
11:12:35.452, 	77.341, 	15.5427, 	3.60704, 	25.4477
11:12:35.493, 	58.4064, 	15.6473, 	3.60704, 	23.4805
11:12:35.533, 	71.7589, 	17.2061, 	3.60704, 	24.4603
11:12:35.573, 	69.4162, 	15.3928, 	3.60704, 	24.4603
11:12:35.614, 	50.6942, 	15.2611, 	3.75734, 	24.4603
11:12:35.654, 	64.0613, 	15.9435, 	3.60704, 	23.4805
11:12:35.694, 	96.9896, 	17.8758, 	3.60704, 	24.4603
11:12:35.734, 	56.8362, 	15.2701, 	3.75734, 	24.4603
11:12:35.815, 	83.4543, 	17.2644, 	3.60704, 	23.4805
11:12:35.896, 	69.2651, 	15.0758, 	3.60704, 	25.4477
11:12:36.017, 	90.3105, 	16.7571, 	3.60704, 	23.4805
11:12:36.057, 	76.8127, 	15.8667, 	3.75734, 	25.4477
11:12:36.138, 	87.519, 	17.2694, 	3.60704, 	23.4805
11:12:36.222, 	63.901, 	15.7677, 	3.60704, 	24.4603
11:12:36.298, 	77.2269, 	15.9074, 	3.60704, 	24.4603
11:12:36.339, 	68.2191, 	16.1931, 	3.60704, 	24.4603
11:12:36.459, 	68.1143, 	16.3112, 	3.75734, 	24.4603
11:12:36.580, 	57.0916, 	17.4904, 	3.75734, 	24.4603
11:12:36.661, 	83.2678, 	16.2993, 	3.60704, 	24.4603
11:12:36.741, 	83.4966, 	19.0527, 	3.75734, 	24.4603
11:12:36.862, 	83.6331, 	15.4956, 	3.60704, 	24.4603
11:12:36.942, 	77.6262, 	15.7444, 	3.60704, 	25.4477
11:12:37.023, 	59.893, 	16.3448, 	3.60704, 	22.508
11:12:37.103, 	55.567, 	15.8591, 	3.60704, 	24.4603
11:12:37.143, 	50.0632, 	15.5822, 	3.60704, 	22.508
11:12:37.224, 	95.7088, 	18.6611, 	3.75734, 	23.4805
11:12:37.264, 	50.6045, 	15.287, 	3.60704, 	22.508
11:12:37.304, 	52.387, 	16.2073, 	3.75734, 	23.4805
11:12:37.345, 	61.1383, 	18.689, 	3.75734, 	24.4603
11:12:37.476, 	59.4269, 	16.4336, 	3.60704, 	23.4805
11:12:37.677, 	41.4461, 	15.6293, 	3.75734, 	24.4603
11:12:37.758, 	41.6786, 	15.1575, 	3.60704, 	24.4603
11:12:37.838, 	57.0871, 	15.1056, 	3.75734, 	23.4805
11:12:37.999, 	72.3069, 	18.562, 	3.60704, 	24.4603
11:12:38.039, 	62.1571, 	15.7478, 	3.60704, 	23.4805
11:12:38.080, 	68.4605, 	15.7372, 	3.60704, 	23.4805
11:12:38.120, 	66.2097, 	16.5508, 	3.60704, 	23.4805
11:12:38.161, 	54.446, 	15.3212, 	3.60704, 	24.4603
11:12:38.201, 	63.663, 	15.0214, 	3.75734, 	24.4603
11:12:38.281, 	78.6893, 	17.7686, 	3.60704, 	23.4805
11:12:38.322, 	46.7985, 	15.7845, 	3.60704, 	23.4805
11:12:38.362, 	59.2426, 	17.2224, 	3.60704, 	24.4603
11:12:38.402, 	64.958, 	17.1017, 	3.60704, 	24.4603
11:12:38.442, 	58.1394, 	15.0448, 	3.60704, 	24.4603
11:12:38.482, 	86.3241, 	17.2357, 	3.60704, 	23.4805
11:12:38.563, 	51.6489, 	15.093, 	3.60704, 	23.4805
11:12:38.684, 	56.5573, 	15.2709, 	3.60704, 	24.4603
11:12:38.804, 	62.449, 	16.2096, 	3.75734, 	25.4477
11:12:38.844, 	52.2859, 	15.5864, 	3.75734, 	24.4603
11:12:38.925, 	42.4282, 	16.2333, 	3.60704, 	23.4805
11:12:39.006, 	47.3795, 	15.4972, 	3.60704, 	23.4805
11:12:39.046, 	62.8791, 	18.4775, 	3.75734, 	23.4805
11:12:39.086, 	52.744, 	15.6738, 	3.75734, 	23.4805
11:12:39.167, 	82.0494, 	17.8538, 	3.60704, 	23.4805
11:12:39.251, 	71.5611, 	16.3806, 	3.75734, 	24.4603
11:12:39.428, 	49.7553, 	15.503, 	3.75734, 	23.4805
11:12:39.508, 	54.4319, 	15.7406, 	3.75734, 	23.4805
11:12:39.549, 	63.5337, 	16.8489, 	3.75734, 	22.508
11:12:39.589, 	63.4288, 	17.1807, 	3.60704, 	23.4805
11:12:39.629, 	70.7594, 	16.0097, 	3.60704, 	22.508
11:12:39.669, 	50.3693, 	15.1305, 	3.75734, 	23.4805
11:12:39.790, 	51.3068, 	15.4406, 	3.60704, 	23.4805
11:12:39.911, 	75.1037, 	15.7607, 	3.75734, 	23.4805
11:12:39.991, 	66.2392, 	16.0193, 	3.60704, 	23.4805
11:12:40.032, 	75.1646, 	17.8867, 	3.75734, 	23.4805
11:12:40.112, 	65.8373, 	16.6808, 	3.75734, 	24.4603
11:12:40.233, 	58.2272, 	17.3516, 	3.75734, 	23.4805
11:12:40.274, 	54.0222, 	17.0589, 	3.60704, 	23.4805
11:12:40.314, 	59.2154, 	15.6565, 	3.75734, 	23.4805
11:12:40.414, 	79.5894, 	15.8427, 	3.60704, 	24.4603
11:12:40.495, 	75.2946, 	17.2619, 	3.60704, 	24.4603
11:12:40.535, 	66.1068, 	17.6011, 	3.75734, 	22.508
11:12:40.616, 	57.5577, 	15.0684, 	3.60704, 	23.4805
11:12:40.696, 	67.541, 	15.7627, 	3.60704, 	24.4603
11:12:40.777, 	85.5044, 	18.2085, 	3.75734, 	23.4805
11:12:41.018, 	45.9076, 	15.6607, 	3.60704, 	22.508
11:12:41.069, 	63.8378, 	16.4639, 	3.75734, 	23.4805
11:12:41.190, 	54.0691, 	16.8534, 	3.75734, 	22.508
11:12:41.371, 	81.9302, 	17.4823, 	3.60704, 	23.4805
11:12:41.532, 	46.2837, 	15.7035, 	3.75734, 	23.4805
11:12:41.612, 	60.7542, 	16.2866, 	3.75734, 	24.4603
11:12:41.733, 	59.2588, 	18.7538, 	6.9135, 	-13.0948
11:12:41.773, 	67.4957, 	15.2914, 	3.60704, 	23.4805
11:12:41.854, 	69.4533, 	15.4626, 	3.60704, 	24.4603
11:12:41.894, 	58.3555, 	17.4197, 	3.45675, 	25.4477
11:12:42.055, 	93.0278, 	15.6971, 	3.75734, 	23.4805
11:12:42.136, 	92.0952, 	17.4481, 	3.60704, 	23.4805
11:12:42.176, 	70.8583, 	16.0506, 	3.75734, 	22.508
11:12:42.216, 	54.3674, 	15.38, 	3.45675, 	23.4805
11:12:42.257, 	77.4281, 	18.3296, 	5.86145, 	40.4239
11:12:42.297, 	90.2346, 	20.8348, 	6.01174, 	40.4239
11:12:42.338, 	156.901, 	21.7392, 	5.86145, 	38.111
11:12:42.378, 	51.16, 	17.6071, 	6.01174, 	41.6104
11:12:42.418, 	102.12, 	19.0475, 	5.86145, 	39.2579
11:12:42.459, 	246.515, 	21.4575, 	5.71115, 	36.9819
11:12:42.499, 	314.778, 	23.0497, 	5.41057, 	33.6892
11:12:42.539, 	501.917, 	25.7642, 	5.41057, 	32.6198
11:12:42.579, 	781.011, 	29.3067, 	5.41057, 	33.6892
11:12:42.620, 	502.396, 	27.5736, 	5.71115, 	32.6198
11:12:42.660, 	1619.48, 	29.3201, 	3.45675, 	24.4603
11:12:42.700, 	3120.28, 	32.8878, 	3.60704, 	24.4603
11:12:42.740, 	2299.05, 	33.2806, 	3.60704, 	24.4603
11:12:42.781, 	2454.37, 	28.9945, 	3.60704, 	24.4603
11:12:42.821, 	2356.68, 	30.2824, 	3.60704, 	24.4603
11:12:42.862, 	1904.2, 	31.1708, 	3.60704, 	24.4603
11:12:42.902, 	1698.09, 	31.5204, 	3.75734, 	24.4603
11:12:42.942, 	1838.95, 	30.2124, 	3.75734, 	24.4603
11:12:42.983, 	2055.65, 	30.8623, 	3.60704, 	24.4603
11:12:43.023, 	1593.16, 	28.5939, 	3.60704, 	21.5423
11:12:43.063, 	795.192, 	27.1345, 	3.60704, 	22.508
11:12:43.104, 	339.977, 	22.2106, 	3.45675, 	25.4477
11:12:43.144, 	898.305, 	26.4131, 	3.75734, 	24.4603
11:12:43.184, 	1587.68, 	29.4048, 	3.75734, 	23.4805
11:12:43.225, 	1959.94, 	29.4167, 	3.60704, 	23.4805
11:12:43.265, 	900.724, 	30.528, 	3.75734, 	22.508
11:12:43.305, 	229.305, 	26.8118, 	4.35851, 	13.0948
11:12:43.346, 	172.407, 	21.8929, 	2.10411, 	6.72981
11:12:43.397, 	337.441, 	24.5245, 	2.2544, 	5.82915
11:12:43.437, 	201.656, 	20.975, 	2.4047, 	6.72981
11:12:43.478, 	137.048, 	24.0576, 	4.20822, 	14.9403
11:12:43.518, 	265.615, 	28.3292, 	2.10411, 	6.72981
11:12:43.558, 	189.306, 	20.7541, 	4.20822, 	15.8689
11:12:43.599, 	221.974, 	23.2368, 	4.50881, 	10.3516
11:12:43.639, 	314.127, 	24.1504, 	4.6591, 	-2.23869
11:12:43.679, 	180.384, 	19.4425, 	4.35851, 	15.8689
11:12:43.720, 	243.617, 	20.7385, 	2.4047, 	4.92994
11:12:43.760, 	216.965, 	22.7304, 	4.6591, 	-2.23869
11:12:43.801, 	293.943, 	23.0642, 	2.4047, 	4.03194
11:12:43.841, 	147.865, 	21.8474, 	3.90763, 	18.6818
11:12:43.882, 	80.8532, 	19.044, 	4.80939, 	4.92994
11:12:43.922, 	136.784, 	18.7806, 	2.2544, 	-0.447628
11:12:43.962, 	430.785, 	23.4825, 	4.6591, 	3.13493
11:12:44.003, 	314.653, 	26.0777, 	4.6591, 	2.23869
11:12:44.043, 	269.784, 	21.8675, 	4.6591, 	2.23869
11:12:44.084, 	233.93, 	17.7107, 	2.4047, 	1.34299
11:12:44.124, 	371.377, 	26.4208, 	4.6591, 	3.13493
11:12:44.164, 	347.318, 	23.7016, 	4.6591, 	3.13493
11:12:44.204, 	325.818, 	22.9529, 	4.6591, 	2.23869
11:12:44.245, 	208.938, 	21.5013, 	4.6591, 	1.34299
11:12:44.285, 	112.479, 	20.5064, 	4.6591, 	3.13493
11:12:44.326, 	599.573, 	25.5645, 	2.2544, 	-5.82915
11:12:44.366, 	1335.04, 	29.1744, 	2.2544, 	-4.92994
11:12:44.407, 	3856.31, 	36.4092, 	2.4047, 	-4.92994
11:12:44.447, 	3832.5, 	30.461, 	2.4047, 	-5.82915
11:12:44.487, 	7001.2, 	38.6969, 	2.4047, 	-5.82915
11:12:44.528, 	12336.1, 	40.7276, 	2.4047, 	-4.92994
11:12:44.568, 	12660.4, 	36.9454, 	2.4047, 	-4.92994
11:12:44.609, 	3088.26, 	33.0732, 	2.2544, 	-5.82915
11:12:44.649, 	6103.23, 	35.8706, 	2.4047, 	-5.82915
11:12:44.689, 	12370.4, 	40.0287, 	2.4047, 	-5.82915
11:12:44.730, 	12804.2, 	37.3183, 	2.4047, 	-5.82915
11:12:44.770, 	7447.95, 	36.7942, 	2.4047, 	-5.82915
11:12:44.811, 	635.414, 	25.8193, 	2.4047, 	-5.82915
11:12:44.870, 	4087.28, 	34.4558, 	2.4047, 	-4.92994
11:12:44.910, 	2158.21, 	33.8545, 	2.4047, 	-4.92994
11:12:44.951, 	124.069, 	20.0422, 	4.80939, 	2.23869
11:12:44.991, 	1433.97, 	26.0013, 	2.4047, 	-5.82915
11:12:45.031, 	551.603, 	25.4499, 	2.55499, 	-4.92994
11:12:45.072, 	3319.88, 	32.6099, 	2.4047, 	-4.92994
11:12:45.112, 	1162.73, 	32.0467, 	2.4047, 	-6.72981
11:12:45.152, 	167.11, 	20.765, 	4.80939, 	3.13493
11:12:45.192, 	710.571, 	27.9321, 	2.4047, 	-4.92994
11:12:45.232, 	390.676, 	22.487, 	2.4047, 	-6.72981
11:12:45.273, 	135.794, 	21.2904, 	4.6591, 	2.23869
11:12:45.313, 	117.726, 	18.7604, 	4.50881, 	2.23869
11:12:45.353, 	104.269, 	20.5, 	4.80939, 	5.82915
11:12:45.393, 	371.406, 	24.9016, 	2.4047, 	-4.92994
11:12:45.434, 	278.525, 	24.9552, 	2.4047, 	-4.92994
11:12:45.484, 	147.479, 	19.2964, 	3.60704, 	23.4805
11:12:45.524, 	102.693, 	17.4978, 	2.70528, 	-1.34299
11:12:45.565, 	139.971, 	20.6214, 	2.4047, 	-6.72981
11:12:45.605, 	159.118, 	22.4815, 	2.2544, 	-4.92994
11:12:45.645, 	70.8798, 	15.9984, 	4.95969, 	4.92994
11:12:45.686, 	103.253, 	17.4805, 	2.70528, 	-0.447628
11:12:45.726, 	170.604, 	21.4286, 	4.6591, 	4.03194
11:12:45.767, 	125.846, 	24.4335, 	2.4047, 	-3.13493
11:12:45.809, 	83.3289, 	18.5621, 	4.35851, 	3.13493
11:12:45.848, 	92.0658, 	15.8943, 	3.90763, 	22.508
11:12:45.889, 	474.816, 	22.9305, 	2.70528, 	2.23869
11:12:45.929, 	306.935, 	20.164, 	4.50881, 	1.34299
11:12:45.969, 	403.308, 	26.635, 	4.6591, 	2.23869
11:12:46.010, 	789.812, 	26.4405, 	4.6591, 	2.23869
11:12:46.050, 	697.786, 	30.4576, 	4.6591, 	1.34299
11:12:46.091, 	435.068, 	23.279, 	4.6591, 	-0.447628
11:12:46.131, 	298.198, 	24.0798, 	4.50881, 	-0.447628
11:12:46.171, 	106.638, 	19.7066, 	2.70528, 	5.82915
11:12:46.212, 	144.027, 	21.6784, 	2.70528, 	5.82915
11:12:46.252, 	211.512, 	24.5496, 	4.50881, 	9.44278
11:12:46.292, 	167.324, 	21.7771, 	2.4047, 	4.92994
11:12:46.332, 	186.062, 	21.9755, 	4.6591, 	8.53639
11:12:46.372, 	177.643, 	20.3786, 	4.50881, 	10.3516
11:12:46.413, 	614.745, 	25.9933, 	4.50881, 	8.53639
11:12:46.453, 	354.415, 	21.7674, 	2.4047, 	2.23869
11:12:46.493, 	549.145, 	25.0181, 	3.75734, 	21.5423
11:12:46.534, 	521.093, 	23.9536, 	3.30646, 	20.5829
11:12:46.574, 	252.77, 	20.9393, 	3.75734, 	24.4603
11:12:46.614, 	296.382, 	21.2229, 	3.75734, 	24.4603
11:12:46.654, 	430.953, 	27.1174, 	3.60704, 	24.4603
11:12:46.695, 	1603.36, 	27.7924, 	3.75734, 	24.4603
11:12:46.735, 	2090.45, 	29.6772, 	3.60704, 	24.4603
11:12:46.775, 	2052.65, 	29.359, 	3.75734, 	23.4805
11:12:46.815, 	2098.89, 	30.077, 	3.60704, 	24.4603
11:12:46.855, 	2252.78, 	31.0555, 	3.60704, 	24.4603
11:12:46.895, 	2515.29, 	32.3216, 	3.60704, 	24.4603
11:12:46.936, 	1727.38, 	30.385, 	3.60704, 	24.4603
11:12:46.976, 	418.796, 	23.9861, 	5.41057, 	31.5631
11:12:47.016, 	410.441, 	26.4744, 	5.41057, 	31.5631
11:12:47.057, 	719.882, 	29.1615, 	5.41057, 	32.6198
11:12:47.097, 	574.206, 	25.7216, 	5.41057, 	32.6198
11:12:47.137, 	544.776, 	29.2909, 	5.56086, 	33.6892
11:12:47.177, 	152.012, 	21.5506, 	5.56086, 	38.111
11:12:47.217, 	141.026, 	20.2373, 	5.71115, 	36.9819
11:12:47.258, 	87.918, 	16.8793, 	4.80939, 	35.8692
11:12:47.298, 	133.218, 	21.2339, 	5.86145, 	40.4239
11:12:47.338, 	172.979, 	21.8557, 	6.16203, 	41.6104
11:12:47.378, 	190.35, 	20.9949, 	6.01174, 	39.2579
11:12:47.419, 	177.987, 	22.6661, 	5.86145, 	39.2579
11:12:47.459, 	72.311, 	17.6497, 	5.86145, 	40.4239
11:12:47.499, 	82.9075, 	16.365, 	3.45675, 	25.4477
11:12:47.580, 	102.445, 	16.6698, 	3.60704, 	26.4433
11:12:47.620, 	71.6069, 	15.1148, 	3.60704, 	23.4805
11:12:47.701, 	86.8735, 	17.467, 	3.45675, 	22.508
11:12:47.832, 	55.707, 	15.8487, 	3.45675, 	23.4805
11:12:47.873, 	88.3632, 	16.5441, 	3.60704, 	24.4603
11:12:47.914, 	76.8695, 	17.0651, 	3.60704, 	24.4603
11:12:47.954, 	63.6369, 	15.6144, 	3.60704, 	24.4603
11:12:48.035, 	73.5096, 	15.2278, 	3.60704, 	24.4603
11:12:48.075, 	52.5716, 	15.3562, 	3.45675, 	23.4805
11:12:48.115, 	61.9799, 	16.218, 	3.60704, 	23.4805
11:12:48.155, 	60.5901, 	16.6512, 	3.60704, 	24.4603
11:12:48.195, 	28.8844, 	16.3327, 	3.45675, 	22.508
11:12:48.235, 	116.593, 	18.1394, 	3.60704, 	23.4805
11:12:48.316, 	90.2371, 	18.2069, 	3.45675, 	24.4603
11:12:48.397, 	101.152, 	17.8966, 	3.60704, 	24.4603
11:12:48.437, 	58.0435, 	15.2872, 	3.60704, 	23.4805
11:12:48.478, 	116.611, 	17.8041, 	3.60704, 	25.4477
11:12:48.558, 	61.3221, 	15.0718, 	3.60704, 	24.4603
11:12:48.599, 	97.1015, 	18.2975, 	3.60704, 	23.4805
11:12:48.639, 	35.5265, 	17.0373, 	2.4047, 	-4.03194
11:12:48.680, 	124.076, 	18.896, 	3.60704, 	24.4603
11:12:48.760, 	98.5984, 	16.8574, 	3.75734, 	22.508
11:12:48.882, 	73.8199, 	15.3467, 	3.60704, 	23.4805
11:12:49.164, 	96.7193, 	17.2718, 	3.60704, 	25.4477
11:12:49.205, 	57.2267, 	15.0616, 	3.60704, 	23.4805
11:12:49.245, 	97.5905, 	17.9533, 	3.60704, 	24.4603
11:12:49.286, 	67.8276, 	16.6385, 	3.45675, 	25.4477
11:12:49.366, 	88.0825, 	18.8122, 	3.60704, 	24.4603
11:12:49.447, 	84.8173, 	15.7542, 	3.60704, 	24.4603
11:12:49.538, 	87.5884, 	17.0618, 	3.60704, 	24.4603
11:12:49.578, 	39.7967, 	15.0089, 	3.60704, 	23.4805
11:12:49.619, 	77.0247, 	17.3743, 	3.60704, 	24.4603
11:12:49.659, 	67.6744, 	16.59, 	3.60704, 	24.4603
11:12:49.739, 	70.2864, 	17.0399, 	3.60704, 	25.4477
11:12:49.820, 	67.4274, 	16.59, 	3.75734, 	24.4603
11:12:49.981, 	67.1264, 	16.3877, 	3.60704, 	26.4433
11:12:50.021, 	76.9994, 	15.7755, 	3.75734, 	23.4805
11:12:50.101, 	87.9274, 	16.7832, 	3.60704, 	24.4603
11:12:50.182, 	91.136, 	15.861, 	3.75734, 	24.4603
11:12:50.262, 	65.2162, 	15.6025, 	3.60704, 	23.4805
11:12:50.302, 	68.9619, 	16.179, 	3.60704, 	24.4603
11:12:50.347, 	69.2733, 	18.5306, 	3.60704, 	25.4477
11:12:50.383, 	62.2198, 	16.3034, 	3.60704, 	24.4603
11:12:50.464, 	106.636, 	20.11, 	2.4047, 	-6.72981
11:12:50.544, 	52.016, 	16.6198, 	2.4047, 	-7.63215
11:12:50.584, 	47.6886, 	15.1753, 	3.75734, 	23.4805
11:12:50.705, 	32.4942, 	19.0595, 	2.2544, 	-6.72981
11:12:50.826, 	77.268, 	20.9336, 	2.4047, 	-6.72981
11:12:50.906, 	77.3881, 	17.0942, 	2.4047, 	-7.63215
11:12:50.946, 	67.7036, 	16.3199, 	2.2544, 	-6.72981
11:12:51.027, 	101.015, 	19.3035, 	2.4047, 	-5.82915
11:12:51.067, 	60.3762, 	17.0296, 	2.4047, 	-6.72981
11:12:51.107, 	64.4368, 	17.6318, 	2.2544, 	-5.82915
11:12:51.188, 	80.6811, 	20.2208, 	2.4047, 	-6.72981
11:12:51.228, 	85.5341, 	17.9379, 	2.2544, 	-6.72981
11:12:51.268, 	50.8551, 	16.8852, 	2.2544, 	-7.63215
11:12:51.308, 	60.7846, 	16.4532, 	2.2544, 	-6.72981
11:12:51.349, 	99.442, 	19.4275, 	2.4047, 	-6.72981
11:12:51.389, 	85.9182, 	16.7082, 	2.2544, 	-5.82915
11:12:51.429, 	86.3557, 	16.5153, 	2.2544, 	-6.72981
11:12:51.469, 	83.8197, 	16.5513, 	2.4047, 	-5.82915
11:12:51.510, 	80.328, 	17.3169, 	2.4047, 	-7.63215
11:12:51.550, 	81.9059, 	17.5343, 	2.4047, 	-7.63215
11:12:51.590, 	90.0583, 	20.9473, 	2.2544, 	-6.72981
11:12:51.630, 	70.8058, 	16.3023, 	2.2544, 	-7.63215
11:12:51.671, 	73.94, 	18.2662, 	2.4047, 	-6.72981
11:12:51.711, 	103.759, 	17.872, 	2.4047, 	-7.63215
11:12:51.751, 	102.047, 	17.2077, 	2.4047, 	-6.72981
11:12:51.791, 	73.775, 	16.8308, 	2.2544, 	-5.82915
11:12:51.831, 	88.0811, 	18.4065, 	2.4047, 	-7.63215
11:12:51.872, 	94.632, 	18.3381, 	2.4047, 	-5.82915
11:12:51.912, 	132.768, 	22.6009, 	2.4047, 	-5.82915
11:12:51.952, 	82.6851, 	16.6332, 	2.4047, 	-6.72981
11:12:51.993, 	66.1338, 	16.8059, 	2.2544, 	-7.63215
11:12:52.033, 	81.0591, 	15.4861, 	2.4047, 	-6.72981
11:12:52.073, 	70.4786, 	16.6043, 	2.4047, 	-6.72981
11:12:52.113, 	86.5996, 	19.0043, 	2.4047, 	-5.82915
11:12:52.154, 	58.7544, 	15.9375, 	2.2544, 	-7.63215
11:12:52.194, 	64.0453, 	18.1552, 	2.4047, 	-6.72981
11:12:52.234, 	79.8795, 	19.7178, 	2.2544, 	-7.63215
11:12:52.275, 	90.9944, 	20.8039, 	2.2544, 	-7.63215
11:12:52.315, 	146.968, 	17.085, 	2.2544, 	-6.72981
11:12:52.355, 	80.9843, 	18.2824, 	2.2544, 	-5.82915
11:12:52.395, 	97.6381, 	20.8312, 	2.4047, 	-5.82915
11:12:52.436, 	94.2867, 	18.0146, 	2.2544, 	-5.82915
11:12:52.476, 	70.033, 	16.1778, 	2.4047, 	-6.72981
11:12:52.516, 	111.355, 	17.6036, 	2.2544, 	-5.82915
11:12:52.557, 	108.049, 	18.0139, 	2.2544, 	-6.72981
11:12:52.597, 	79.0919, 	18.7961, 	2.2544, 	-6.72981
11:12:52.637, 	88.0764, 	19.1289, 	2.2544, 	-7.63215
11:12:52.677, 	56.2723, 	18.2394, 	2.4047, 	-6.72981
11:12:52.718, 	114.443, 	21.8109, 	2.4047, 	-6.72981
11:12:52.758, 	83.0379, 	19.0745, 	2.2544, 	-6.72981
11:12:52.798, 	128.238, 	19.679, 	2.4047, 	-6.72981
11:12:52.838, 	50.9122, 	15.7134, 	2.2544, 	-4.92994
11:12:52.879, 	124.56, 	20.3769, 	2.2544, 	-6.72981
11:12:52.919, 	87.0609, 	19.0929, 	2.2544, 	-6.72981
11:12:52.999, 	81.1291, 	15.06, 	2.2544, 	-6.72981
11:12:53.039, 	77.093, 	17.5021, 	2.4047, 	-6.72981
11:12:53.080, 	86.152, 	19.0919, 	2.4047, 	-5.82915
11:12:53.120, 	49.2504, 	15.3052, 	2.2544, 	-6.72981
11:12:53.160, 	112.355, 	18.243, 	2.2544, 	-6.72981
11:12:53.200, 	71.1168, 	15.8473, 	2.2544, 	-6.72981
11:12:53.281, 	109.393, 	17.8005, 	2.2544, 	-6.72981
11:12:53.331, 	64.3239, 	20.7099, 	2.4047, 	-6.72981
11:12:53.374, 	106.274, 	18.6693, 	2.2544, 	-6.72981
11:12:53.432, 	64.2087, 	19.4386, 	2.4047, 	-6.72981
11:12:53.473, 	113.512, 	15.7945, 	2.4047, 	-6.72981
11:12:53.513, 	83.1264, 	17.1121, 	2.2544, 	-5.82915
11:12:53.553, 	106.878, 	19.3339, 	2.4047, 	-5.82915
11:12:53.593, 	70.2612, 	16.8925, 	2.2544, 	-6.72981
11:12:53.634, 	102.512, 	19.4498, 	2.2544, 	-5.82915
11:12:53.674, 	103.971, 	20.9604, 	2.2544, 	-5.82915
11:12:53.714, 	104.22, 	17.7761, 	2.2544, 	-7.63215
11:12:53.754, 	85.9543, 	17.9022, 	2.4047, 	-6.72981
11:12:53.795, 	92.2451, 	19.8954, 	2.4047, 	-6.72981
11:12:53.835, 	92.6312, 	17.336, 	2.2544, 	-6.72981
11:12:53.875, 	41.5171, 	15.8527, 	2.2544, 	-6.72981
11:12:53.915, 	98.3431, 	17.0016, 	2.2544, 	-6.72981
11:12:53.996, 	108.435, 	18.4199, 	2.2544, 	-6.72981
11:12:54.036, 	94.3484, 	20.3394, 	2.2544, 	-6.72981
11:12:54.077, 	44.4741, 	15.4882, 	2.2544, 	-6.72981
11:12:54.117, 	97.7202, 	18.4835, 	2.4047, 	-5.82915
11:12:54.157, 	69.1616, 	19.9304, 	2.2544, 	-5.82915
11:12:54.197, 	91.3088, 	17.7641, 	2.2544, 	-6.72981
11:12:54.237, 	101.617, 	17.7987, 	2.4047, 	-6.72981
11:12:54.278, 	81.9492, 	19.0766, 	2.4047, 	-5.82915
11:12:54.318, 	87.9905, 	17.2624, 	2.4047, 	-6.72981
11:12:54.358, 	91.5703, 	15.9183, 	2.4047, 	-6.72981
11:12:54.398, 	81.7223, 	16.6594, 	2.4047, 	-6.72981
11:12:54.438, 	87.7443, 	19.9763, 	2.4047, 	-6.72981
11:12:54.559, 	117.19, 	21.4152, 	2.4047, 	-6.72981
11:12:54.599, 	61.0687, 	19.5396, 	2.2544, 	-5.82915
11:12:54.639, 	87.2754, 	19.5389, 	2.4047, 	-5.82915
11:12:54.680, 	75.247, 	17.3269, 	2.2544, 	-5.82915
11:12:54.720, 	59.1214, 	16.422, 	2.4047, 	-7.63215
11:12:54.760, 	89.8013, 	18.8556, 	2.4047, 	-6.72981
11:12:54.840, 	69.6028, 	15.8191, 	2.4047, 	-5.82915
11:12:54.881, 	85.2542, 	20.3979, 	2.2544, 	-5.82915
11:12:54.921, 	84.5193, 	17.0812, 	2.4047, 	-5.82915
11:12:54.961, 	99.4025, 	16.9687, 	2.4047, 	-6.72981
11:12:55.001, 	61.3311, 	15.5795, 	2.2544, 	-6.72981
11:12:55.042, 	91.7983, 	16.8935, 	2.4047, 	-5.82915
11:12:55.082, 	68.0282, 	16.4728, 	2.4047, 	-7.63215
11:12:55.123, 	86.9003, 	18.4065, 	2.2544, 	-6.72981
11:12:55.163, 	57.6689, 	16.746, 	2.2544, 	-7.63215
11:12:55.203, 	97.3571, 	19.3457, 	2.2544, 	-6.72981
11:12:55.243, 	116.746, 	18.6054, 	2.4047, 	-6.72981
11:12:55.284, 	59.0598, 	15.467, 	2.4047, 	-5.82915
11:12:55.324, 	82.5097, 	18.2572, 	2.4047, 	-6.72981
11:12:55.364, 	105.67, 	23.3498, 	2.2544, 	-7.63215
11:12:55.405, 	116.548, 	21.2491, 	2.2544, 	-6.72981
11:12:55.445, 	81.3183, 	15.2834, 	2.2544, 	-6.72981
11:12:55.485, 	89.8491, 	17.955, 	2.2544, 	-6.72981
11:12:55.526, 	64.3464, 	16.8695, 	2.4047, 	-7.63215
11:12:55.567, 	80.6592, 	17.7222, 	2.4047, 	-7.63215
11:12:55.607, 	108.925, 	19.6622, 	2.2544, 	-6.72981
11:12:55.647, 	89.79, 	17.1698, 	2.2544, 	-7.63215
11:12:55.688, 	98.691, 	19.0781, 	2.2544, 	-6.72981
11:12:55.729, 	117.655, 	18.6134, 	2.2544, 	-6.72981
11:12:55.769, 	71.7168, 	18.8969, 	2.2544, 	-7.63215
11:12:55.810, 	116.259, 	21.6516, 	2.2544, 	-6.72981
11:12:55.850, 	94.1847, 	18.0249, 	2.4047, 	-6.72981
11:12:55.890, 	96.4641, 	21.0599, 	2.2544, 	-6.72981
11:12:55.941, 	102.304, 	17.0675, 	2.4047, 	-5.82915
11:12:55.981, 	71.1419, 	17.8849, 	2.4047, 	-6.72981
11:12:56.022, 	93.4603, 	19.1544, 	2.4047, 	-6.72981
11:12:56.062, 	54.4644, 	15.384, 	2.4047, 	-6.72981
11:12:56.103, 	136.646, 	18.5734, 	2.4047, 	-5.82915
11:12:56.143, 	86.5274, 	15.7627, 	2.2544, 	-5.82915
11:12:56.183, 	79.2402, 	18.4878, 	2.4047, 	-7.63215
11:12:56.223, 	103.36, 	20.3505, 	2.4047, 	-6.72981
11:12:56.264, 	73.95, 	19.9739, 	2.2544, 	-7.63215
11:12:56.304, 	115.95, 	18.0807, 	2.4047, 	-5.82915
11:12:56.344, 	72.4582, 	16.7005, 	2.2544, 	-7.63215
11:12:56.385, 	86.356, 	17.9366, 	2.4047, 	-5.82915
11:12:56.426, 	64.7773, 	15.7073, 	2.4047, 	-7.63215
11:12:56.466, 	75.5533, 	16.4292, 	2.2544, 	-6.72981
11:12:56.506, 	70.3126, 	18.9041, 	2.2544, 	-5.82915
11:12:56.546, 	67.2524, 	19.2061, 	2.4047, 	-6.72981
11:12:56.587, 	75.1499, 	16.47, 	2.2544, 	-6.72981
11:12:56.627, 	59.9851, 	15.7621, 	2.4047, 	-7.63215
11:12:56.668, 	100.883, 	21.6878, 	2.4047, 	-6.72981
11:12:56.708, 	82.3618, 	16.9214, 	2.4047, 	-7.63215
11:12:56.748, 	114.191, 	19.1196, 	2.4047, 	-5.82915
11:12:56.829, 	76.4512, 	17.147, 	2.4047, 	-6.72981
11:12:56.869, 	93.4428, 	17.3212, 	2.4047, 	-6.72981
11:12:56.909, 	67.2843, 	17.0873, 	2.2544, 	-6.72981
11:12:56.950, 	111.366, 	18.0145, 	2.4047, 	-6.72981
11:12:56.990, 	57.7626, 	18.8419, 	2.2544, 	-7.63215
11:12:57.031, 	158.04, 	20.1782, 	2.4047, 	-6.72981
11:12:57.071, 	82.4233, 	18.7733, 	2.2544, 	-6.72981
11:12:57.112, 	73.7167, 	16.8394, 	2.4047, 	-6.72981
11:12:57.152, 	127.156, 	18.3252, 	2.4047, 	-6.72981
11:12:57.192, 	71.0608, 	18.1126, 	2.2544, 	-6.72981
11:12:57.232, 	148.199, 	21.2327, 	2.4047, 	-5.82915
11:12:57.273, 	66.6897, 	21.1038, 	2.2544, 	-7.63215
11:12:57.313, 	51.8439, 	17.1527, 	2.2544, 	-6.72981
11:12:57.354, 	103.437, 	16.8104, 	2.4047, 	-6.72981
11:12:57.394, 	79.0893, 	18.5331, 	2.2544, 	-6.72981
11:12:57.434, 	78.4294, 	15.4569, 	2.4047, 	-6.72981
11:12:57.475, 	111.194, 	17.6074, 	2.4047, 	-6.72981
11:12:57.515, 	79.7794, 	16.6092, 	2.2544, 	-5.82915
11:12:57.556, 	102.115, 	15.9975, 	2.4047, 	-5.82915
11:12:57.596, 	83.0188, 	20.433, 	2.4047, 	-6.72981
11:12:57.647, 	90.4504, 	15.5568, 	2.2544, 	-6.72981
11:12:57.687, 	87.1615, 	16.8783, 	2.2544, 	-7.63215
11:12:57.727, 	75.4883, 	15.0478, 	2.2544, 	-8.53639
11:12:57.768, 	115.423, 	20.1347, 	2.2544, 	-6.72981
11:12:57.869, 	129.037, 	20.8372, 	2.4047, 	-6.72981
11:12:57.909, 	83.2665, 	18.2726, 	2.2544, 	-6.72981
11:12:57.950, 	113.301, 	17.8525, 	2.4047, 	-6.72981
11:12:58.030, 	116.284, 	21.3454, 	2.2544, 	-7.63215
11:12:58.071, 	34.0179, 	18.2882, 	2.2544, 	-8.53639
11:12:58.111, 	173.713, 	20.6667, 	1.95382, 	44.0521
11:12:58.151, 	99.689, 	17.037, 	2.4047, 	-7.63215
11:12:58.191, 	232.703, 	24.338, 	5.71115, 	38.111
11:12:58.231, 	152.131, 	20.1928, 	5.86145, 	38.111
11:12:58.272, 	177.043, 	22.5323, 	2.10411, 	41.6104
11:12:58.312, 	152.78, 	19.6527, 	3.75734, 	22.508
11:12:58.352, 	140.764, 	19.7084, 	5.56086, 	35.8692
11:12:58.392, 	661.906, 	25.9911, 	5.26027, 	32.6198
11:12:58.432, 	922.721, 	29.7692, 	3.45675, 	24.4603
11:12:58.473, 	1475.53, 	29.7427, 	3.60704, 	23.4805
11:12:58.513, 	2900.31, 	31.8773, 	3.60704, 	24.4603
11:12:58.553, 	2537.6, 	35.7951, 	3.60704, 	23.4805
11:12:58.593, 	2538.27, 	29.5418, 	3.60704, 	23.4805
11:12:58.634, 	2035.79, 	30.379, 	3.60704, 	23.4805
11:12:58.674, 	1963.81, 	31.9528, 	3.60704, 	23.4805
11:12:58.714, 	2361.38, 	33.3525, 	3.45675, 	23.4805
11:12:58.754, 	2443.92, 	31.4282, 	3.60704, 	23.4805
11:12:58.794, 	2165.37, 	31.6304, 	3.75734, 	23.4805
11:12:58.835, 	398.218, 	23.268, 	3.75734, 	23.4805
11:12:58.875, 	136.977, 	19.4814, 	2.4047, 	-6.72981
11:12:58.915, 	234.641, 	26.7306, 	2.4047, 	-4.92994
11:12:58.956, 	68.0347, 	15.0409, 	4.35851, 	17.7394
11:12:58.996, 	233.005, 	21.5694, 	4.50881, 	13.0948
11:12:59.036, 	178.427, 	21.2573, 	4.35851, 	11.263
11:12:59.077, 	389.346, 	28.2122, 	4.50881, 	9.44278
11:12:59.117, 	511.946, 	26.1374, 	2.55499, 	11.263
11:12:59.157, 	389.954, 	22.5624, 	4.6591, 	1.34299
11:12:59.198, 	477.557, 	28.3807, 	2.4047, 	-5.82915
11:12:59.238, 	469.552, 	26.3156, 	2.55499, 	9.44278
11:12:59.278, 	516.977, 	26.7492, 	2.55499, 	8.53639
11:12:59.318, 	208.594, 	21.1637, 	2.70528, 	8.53639
11:12:59.359, 	595.144, 	27.4255, 	2.55499, 	2.23869
11:12:59.399, 	749.506, 	27.1655, 	4.80939, 	2.23869
11:12:59.440, 	474.046, 	29.226, 	4.95969, 	0.447628
11:12:59.480, 	498.755, 	22.298, 	2.4047, 	-4.03194
11:12:59.520, 	403.655, 	27.7414, 	4.6591, 	-1.34299
11:12:59.560, 	581.346, 	24.8125, 	4.50881, 	-0.447628
11:12:59.601, 	351.213, 	23.5287, 	2.2544, 	-3.13493
11:12:59.641, 	294.487, 	24.5395, 	2.4047, 	-4.03194
11:12:59.681, 	455.73, 	23.4654, 	2.2544, 	-4.92994
11:12:59.722, 	129.574, 	17.43, 	2.2544, 	-4.03194
11:12:59.762, 	446.387, 	25.4481, 	2.2544, 	-3.13493
11:12:59.803, 	258.934, 	23.7816, 	2.4047, 	-1.34299
11:12:59.843, 	260.61, 	25.1112, 	2.4047, 	-1.34299
11:12:59.883, 	258.064, 	20.9599, 	2.4047, 	-4.03194
11:12:59.924, 	244.263, 	19.6554, 	5.10998, 	-47.9181
11:12:59.964, 	156.001, 	18.5918, 	4.95969, 	-47.9181
11:13:00.004, 	61.9301, 	16.2415, 	4.80939, 	-46.599
11:13:00.044, 	119.127, 	21.4386, 	2.4047, 	-4.03194
11:13:00.085, 	90.2758, 	17.7605, 	4.95969, 	-49.2717
11:13:00.125, 	117.926, 	19.2207, 	4.95969, 	-50.6636
11:13:00.165, 	131.865, 	18.436, 	4.80939, 	-47.9181
11:13:00.205, 	631.974, 	28.9115, 	2.4047, 	-0.447628
11:13:00.245, 	1902.57, 	31.9925, 	2.4047, 	4.03194
11:13:00.286, 	31424.7, 	44.7949, 	2.4047, 	-4.92994
11:13:00.336, 	11090.6, 	38.4848, 	2.4047, 	-4.92994
11:13:00.376, 	2959.58, 	31.6763, 	2.4047, 	1.34299
11:13:00.416, 	6795.35, 	37.6866, 	2.4047, 	-6.72981
11:13:00.457, 	3528.73, 	33.0433, 	2.4047, 	-5.82915
11:13:00.497, 	8203.74, 	37.0879, 	2.4047, 	-8.53639
11:13:00.537, 	16952.9, 	40.3689, 	2.4047, 	-8.53639
11:13:00.577, 	3098.88, 	31.9122, 	2.4047, 	0.447628
11:13:00.617, 	1789.97, 	28.8598, 	2.55499, 	-10.3516
11:13:00.658, 	7627.3, 	39.4391, 	2.4047, 	-6.72981
11:13:00.698, 	2876.44, 	32.6326, 	2.4047, 	-0.447628
11:13:00.738, 	4247.41, 	35.848, 	2.4047, 	-3.13493
11:13:00.778, 	3413.93, 	32.2358, 	2.4047, 	-5.82915
11:13:00.819, 	4177.43, 	36.7407, 	2.4047, 	-4.03194
11:13:00.859, 	3501.52, 	32.2637, 	2.4047, 	-5.82915
11:13:00.899, 	4081.44, 	34.2844, 	2.4047, 	-4.03194
11:13:00.939, 	4295.72, 	36.3078, 	2.4047, 	-5.82915
11:13:00.980, 	3861.89, 	37.1059, 	2.4047, 	-4.92994
11:13:01.020, 	3608.48, 	34.4454, 	2.4047, 	-4.92994
11:13:01.060, 	4236.3, 	35.8391, 	2.4047, 	-4.92994
11:13:01.100, 	4067.6, 	32.8667, 	2.4047, 	-5.82915
11:13:01.140, 	3980.9, 	34.2997, 	2.4047, 	-4.92994
11:13:01.181, 	4035.02, 	34.9775, 	2.4047, 	-5.82915
11:13:01.221, 	3855.31, 	34.5515, 	2.4047, 	-4.92994
11:13:01.261, 	4208.02, 	35.0601, 	2.4047, 	-5.82915
11:13:01.301, 	3907.41, 	33.2284, 	2.4047, 	-4.92994
11:13:01.342, 	4129.17, 	34.2914, 	2.4047, 	-4.92994
11:13:01.382, 	4107.47, 	35.5716, 	2.4047, 	-4.92994
11:13:01.422, 	3910.94, 	35.0531, 	2.4047, 	-5.82915
11:13:01.462, 	3962.24, 	32.1616, 	2.4047, 	-4.92994
11:13:01.503, 	4057.41, 	33.7868, 	2.4047, 	-4.92994
11:13:01.543, 	4051.85, 	32.9318, 	2.4047, 	-4.92994
11:13:01.583, 	4068.47, 	32.8953, 	2.4047, 	-5.82915
11:13:01.623, 	3922.92, 	33.1749, 	2.4047, 	-5.82915
11:13:01.663, 	4056.75, 	31.9175, 	2.4047, 	-5.82915
11:13:01.704, 	3808.36, 	33.16, 	2.4047, 	-4.92994
11:13:01.744, 	3886.49, 	32.9931, 	2.4047, 	-4.92994
11:13:01.784, 	4007.92, 	37.37, 	2.4047, 	-4.92994
11:13:01.827, 	4187.33, 	36.8754, 	2.4047, 	-4.92994
11:13:01.885, 	3974.52, 	35.5342, 	2.4047, 	-4.92994
11:13:01.925, 	4061.95, 	31.8651, 	2.4047, 	-5.82915
11:13:01.965, 	3939.8, 	32.1282, 	2.4047, 	-4.92994
11:13:02.005, 	3966.17, 	36.0838, 	2.4047, 	-4.92994
11:13:02.046, 	3927.57, 	35.983, 	2.4047, 	-4.92994
11:13:02.086, 	4100.85, 	34.1006, 	2.4047, 	-4.92994
11:13:02.127, 	3948.41, 	32.2084, 	2.4047, 	-4.92994
11:13:02.167, 	4171.13, 	34.48, 	2.4047, 	-5.82915
11:13:02.207, 	3926.16, 	33.2231, 	2.4047, 	-4.92994
11:13:02.248, 	4096.59, 	33.8243, 	2.4047, 	-4.92994
11:13:02.288, 	4104.16, 	34.0997, 	2.4047, 	-4.92994
11:13:02.328, 	4051.47, 	35.5224, 	2.4047, 	-4.92994
11:13:02.369, 	4062.35, 	34.2485, 	2.4047, 	-4.92994
11:13:02.429, 	4086.92, 	32.9819, 	2.4047, 	-4.92994
11:13:02.469, 	3728.61, 	32.8895, 	2.4047, 	-4.92994
11:13:02.510, 	3729.16, 	34.8273, 	2.4047, 	-4.92994
11:13:02.550, 	3574.69, 	33.3192, 	2.2544, 	-4.92994
11:13:02.590, 	3550.92, 	32.5026, 	2.2544, 	-4.92994
11:13:02.631, 	3713.07, 	32.6849, 	2.2544, 	-4.92994
11:13:02.671, 	4178.36, 	33.0258, 	2.4047, 	-4.92994
11:13:02.711, 	3948.12, 	33.5265, 	2.2544, 	-4.92994
11:13:02.752, 	4538.27, 	33.6542, 	2.4047, 	-4.03194
11:13:02.792, 	4386.38, 	34.7665, 	2.4047, 	-4.92994
11:13:02.832, 	4826.9, 	34.5545, 	2.4047, 	-4.92994
11:13:02.872, 	4748.76, 	34.1681, 	2.4047, 	-4.92994
11:13:02.912, 	4893.51, 	36.6042, 	2.4047, 	-4.92994
11:13:02.953, 	4633.89, 	33.3062, 	2.4047, 	-4.92994
11:13:02.993, 	4887.27, 	33.4481, 	2.4047, 	-4.92994
11:13:03.033, 	4793.29, 	33.442, 	2.4047, 	-4.92994
11:13:03.074, 	4729.76, 	33.0712, 	2.4047, 	-4.92994
11:13:03.114, 	4602.76, 	35.3089, 	2.4047, 	-4.03194
11:13:03.154, 	4087.57, 	33.4556, 	2.4047, 	-4.92994
11:13:03.195, 	3824.01, 	36.6102, 	2.4047, 	-4.92994
11:13:03.235, 	4065.76, 	32.871, 	2.4047, 	-4.92994
11:13:03.276, 	3979.84, 	35.1368, 	2.4047, 	-4.92994
11:13:03.316, 	3905.84, 	33.0446, 	2.4047, 	-4.92994
11:13:03.367, 	3975.48, 	34.9786, 	2.4047, 	-4.92994
11:13:03.407, 	3992.29, 	33.1109, 	2.4047, 	-4.92994
11:13:03.447, 	3958.23, 	34.2092, 	2.4047, 	-4.92994
11:13:03.488, 	3911.6, 	33.4553, 	2.4047, 	-4.92994
11:13:03.528, 	3980.7, 	34.1841, 	2.4047, 	-4.92994
11:13:03.569, 	3930.34, 	36.1962, 	2.4047, 	-4.92994
11:13:03.609, 	3855.46, 	36.4877, 	2.4047, 	-4.92994
11:13:03.649, 	4022.86, 	32.2148, 	2.4047, 	-4.92994
11:13:03.690, 	3868.92, 	33.6992, 	2.4047, 	-4.92994
11:13:03.730, 	4024.64, 	34.3789, 	2.4047, 	-4.92994
11:13:03.771, 	3959.45, 	31.2115, 	2.4047, 	-4.92994
11:13:03.811, 	3761.28, 	32.3204, 	2.4047, 	-4.92994
11:13:03.852, 	3936.01, 	33.0072, 	2.4047, 	-4.92994
11:13:03.892, 	3807.04, 	34.2394, 	2.4047, 	-4.92994
11:13:03.932, 	3918.74, 	32.8553, 	2.4047, 	-4.92994
11:13:03.973, 	3804.86, 	34.4251, 	2.4047, 	-4.92994
11:13:04.013, 	3838.27, 	33.6091, 	2.4047, 	-4.92994
11:13:04.053, 	3749.92, 	32.4603, 	2.4047, 	-4.92994
11:13:04.094, 	3740.18, 	34.687, 	2.4047, 	-4.92994
11:13:04.134, 	4108.69, 	33.7003, 	2.4047, 	-4.92994
11:13:04.174, 	3729.78, 	36.1998, 	2.4047, 	-4.92994
11:13:04.215, 	3713.28, 	34.5421, 	2.4047, 	-4.92994
11:13:04.255, 	3430.94, 	36.7409, 	2.4047, 	-5.82915
11:13:04.295, 	4234.38, 	34.1996, 	3.45675, 	24.4603
11:13:04.336, 	7007.38, 	36.7259, 	3.60704, 	24.4603
11:13:04.376, 	7579.49, 	36.4136, 	3.60704, 	24.4603
11:13:04.416, 	6223.75, 	34.9725, 	3.75734, 	24.4603
11:13:04.457, 	4446.8, 	35.7504, 	2.4047, 	-4.92994
11:13:04.497, 	3101.7, 	34.1068, 	2.4047, 	-5.82915
11:13:04.537, 	6404.22, 	37.6416, 	3.60704, 	25.4477
11:13:04.577, 	5491.77, 	34.8568, 	3.45675, 	24.4603
11:13:04.618, 	3660.81, 	31.0236, 	2.4047, 	-4.92994
11:13:04.658, 	4683.41, 	33.3066, 	2.4047, 	-5.82915
11:13:04.699, 	7991.12, 	35.9107, 	3.75734, 	24.4603
11:13:04.739, 	6411.96, 	35.6168, 	3.60704, 	24.4603
11:13:04.780, 	3457.58, 	33.8506, 	2.4047, 	-5.82915
11:13:04.820, 	5154.74, 	34.0558, 	3.75734, 	24.4603
11:13:04.861, 	6785.12, 	34.9923, 	3.60704, 	24.4603
11:13:04.901, 	4448.86, 	32.2552, 	2.4047, 	-4.92994
11:13:04.941, 	8269.41, 	34.068, 	3.60704, 	24.4603
11:13:04.982, 	3960.44, 	33.9643, 	2.4047, 	-4.92994
11:13:05.022, 	8256.49, 	35.9251, 	3.60704, 	24.4603
11:13:05.073, 	3080.65, 	32.1724, 	2.4047, 	-5.82915
11:13:05.113, 	6948.91, 	36.1408, 	3.75734, 	24.4603
11:13:05.153, 	3576.62, 	33.2298, 	2.4047, 	-4.92994
11:13:05.194, 	7105.93, 	36.1993, 	3.60704, 	24.4603
11:13:05.234, 	4539.9, 	33.2002, 	2.4047, 	-4.92994
11:13:05.274, 	4268.71, 	34.5902, 	3.45675, 	23.4805
11:13:05.314, 	5994.4, 	34.5491, 	3.75734, 	23.4805
11:13:05.355, 	4041.55, 	35.5885, 	2.4047, 	-5.82915
11:13:05.395, 	4320.12, 	33.9572, 	2.4047, 	-4.92994
11:13:05.435, 	3791.38, 	33.4428, 	2.4047, 	-4.92994
11:13:05.476, 	3584.18, 	33.0629, 	2.4047, 	-4.92994
11:13:05.516, 	3331.11, 	33.335, 	2.4047, 	-4.92994
11:13:05.556, 	3594.02, 	32.5026, 	2.4047, 	-5.82915
11:13:05.597, 	3817.09, 	35.1475, 	2.4047, 	-4.92994
11:13:05.637, 	6313.01, 	35.9382, 	3.60704, 	24.4603
11:13:05.677, 	5165.96, 	33.4995, 	3.45675, 	24.4603
11:13:05.718, 	3416.96, 	34.2516, 	2.4047, 	-4.92994
11:13:05.758, 	7307.18, 	36.5894, 	3.45675, 	23.4805
11:13:05.798, 	3939.29, 	33.7564, 	2.4047, 	-5.82915
11:13:05.838, 	3124.26, 	34.0892, 	2.4047, 	-4.92994
11:13:05.879, 	4277.64, 	30.7368, 	2.4047, 	-5.82915
11:13:05.919, 	8734.9, 	39.3429, 	3.60704, 	24.4603
11:13:05.959, 	3269.28, 	32.8269, 	2.4047, 	-5.82915
11:13:05.999, 	4200.61, 	33.8415, 	2.4047, 	-4.92994
11:13:06.039, 	4259.45, 	32.9921, 	2.4047, 	-5.82915
11:13:06.080, 	4098.9, 	35.6748, 	2.4047, 	-4.92994
11:13:06.120, 	4299.71, 	35.8897, 	2.4047, 	-5.82915
11:13:06.160, 	4111.96, 	36.1539, 	2.4047, 	-5.82915
11:13:06.200, 	3772.47, 	34.8042, 	2.4047, 	-5.82915
11:13:06.240, 	3604.95, 	31.775, 	2.4047, 	-5.82915
11:13:06.281, 	3647.08, 	34.6549, 	2.4047, 	-5.82915
11:13:06.321, 	3424.5, 	31.4947, 	2.4047, 	-5.82915
11:13:06.361, 	3639.16, 	32.1003, 	3.60704, 	24.4603
11:13:06.401, 	6306.15, 	37.687, 	3.60704, 	24.4603
11:13:06.442, 	5590.5, 	34.7622, 	3.60704, 	24.4603
11:13:06.482, 	5479.06, 	36.6295, 	3.75734, 	23.4805
11:13:06.523, 	4199.57, 	32.9559, 	2.4047, 	-5.82915
11:13:06.563, 	4172.18, 	34.4794, 	2.4047, 	-5.82915
11:13:06.604, 	5885.6, 	33.5348, 	3.75734, 	23.4805
11:13:06.644, 	5792.57, 	35.2867, 	3.75734, 	23.4805
11:13:06.703, 	4232.1, 	34.996, 	2.4047, 	-5.82915
11:13:06.744, 	5277.13, 	34.5833, 	3.75734, 	23.4805
11:13:06.784, 	4251.18, 	33.5333, 	3.60704, 	23.4805
11:13:06.824, 	4655.4, 	32.2987, 	3.75734, 	23.4805
11:13:06.864, 	4365.03, 	35.8573, 	3.75734, 	23.4805
11:13:06.905, 	4326.54, 	32.8252, 	2.4047, 	-5.82915
11:13:06.945, 	4093.76, 	32.9862, 	2.4047, 	-5.82915
11:13:06.985, 	4061.99, 	34.5741, 	2.4047, 	-5.82915
11:13:07.025, 	4016.43, 	34.5975, 	2.4047, 	-5.82915
11:13:07.066, 	4157.92, 	32.8042, 	2.4047, 	-5.82915
11:13:07.106, 	4144.09, 	37.8349, 	2.4047, 	-5.82915
11:13:07.167, 	4453.69, 	33.3995, 	3.60704, 	24.4603
11:13:07.207, 	4673.13, 	33.0695, 	3.60704, 	23.4805
11:13:07.247, 	5316.99, 	34.4778, 	3.60704, 	24.4603
11:13:07.287, 	5269.86, 	34.3971, 	3.60704, 	24.4603
11:13:07.327, 	5272.08, 	33.5581, 	3.75734, 	23.4805
11:13:07.368, 	4984.4, 	34.0348, 	3.75734, 	23.4805
11:13:07.408, 	4770.48, 	33.8275, 	3.75734, 	23.4805
11:13:07.448, 	4739.05, 	34.7257, 	3.75734, 	23.4805
11:13:07.488, 	5167.51, 	32.9479, 	3.75734, 	23.4805
11:13:07.529, 	4933.74, 	33.8356, 	3.75734, 	23.4805
11:13:07.569, 	4709.97, 	32.7703, 	3.75734, 	23.4805
11:13:07.609, 	4572.63, 	36.388, 	3.75734, 	23.4805
11:13:07.649, 	4257.77, 	32.3565, 	3.75734, 	23.4805
11:13:07.690, 	4251.42, 	34.5047, 	2.4047, 	-5.82915
11:13:07.730, 	4231.29, 	33.7688, 	2.4047, 	-5.82915
11:13:07.770, 	4210.77, 	32.8902, 	2.4047, 	-5.82915
11:13:07.811, 	4114.66, 	30.678, 	2.4047, 	-5.82915
11:13:07.871, 	4186.04, 	34.5396, 	2.4047, 	-5.82915
11:13:07.911, 	4107.89, 	35.7909, 	2.4047, 	-5.82915
11:13:07.951, 	4255.14, 	32.3881, 	2.4047, 	-5.82915
11:13:07.991, 	4292.91, 	33.2332, 	2.4047, 	-5.82915
11:13:08.032, 	4433.69, 	35.2519, 	3.75734, 	23.4805
11:13:08.072, 	4654.42, 	34.982, 	3.75734, 	23.4805
11:13:08.112, 	4692.02, 	34.2908, 	3.75734, 	23.4805
11:13:08.152, 	4630.93, 	33.9802, 	3.75734, 	23.4805
11:13:08.192, 	4687.59, 	33.9698, 	3.75734, 	23.4805
11:13:08.233, 	4765.73, 	33.1071, 	3.75734, 	23.4805
11:13:08.273, 	4325.6, 	33.7968, 	3.75734, 	23.4805
11:13:08.313, 	4558.05, 	33.201, 	3.75734, 	23.4805
11:13:08.353, 	4468.49, 	33.8564, 	3.75734, 	23.4805
11:13:08.394, 	4460.76, 	34.5052, 	3.75734, 	23.4805
11:13:08.434, 	4265.09, 	32.3217, 	3.75734, 	23.4805
11:13:08.474, 	4218.5, 	36.0008, 	3.75734, 	23.4805
11:13:08.519, 	4284.69, 	37.1068, 	2.4047, 	-5.82915
11:13:08.575, 	4387.96, 	33.0604, 	3.75734, 	23.4805
11:13:08.615, 	4459.48, 	34.7598, 	3.75734, 	23.4805
11:13:08.655, 	4584.62, 	33.0736, 	3.75734, 	23.4805
11:13:08.695, 	4448.29, 	34.0064, 	3.75734, 	23.4805
11:13:08.746, 	4576.21, 	35.1142, 	3.75734, 	23.4805
11:13:08.786, 	4656.81, 	33.7559, 	3.75734, 	23.4805
11:13:08.826, 	4682.42, 	32.5345, 	3.75734, 	23.4805
11:13:08.866, 	4807.86, 	33.2858, 	3.75734, 	23.4805
11:13:08.906, 	4626.55, 	33.7612, 	3.75734, 	23.4805
11:13:08.947, 	4731.49, 	33.279, 	3.75734, 	23.4805
11:13:08.987, 	4803.25, 	34.4967, 	3.75734, 	23.4805
11:13:09.027, 	4680.86, 	33.505, 	3.75734, 	23.4805
11:13:09.068, 	4759.31, 	33.6938, 	3.75734, 	23.4805
11:13:09.108, 	4601.86, 	34.3544, 	3.75734, 	23.4805
11:13:09.148, 	4695.47, 	35.0172, 	3.75734, 	23.4805
11:13:09.188, 	4592.25, 	33.7972, 	3.75734, 	23.4805
11:13:09.228, 	4675.87, 	34.6595, 	3.75734, 	23.4805
11:13:09.269, 	4698.54, 	35.503, 	3.75734, 	23.4805
11:13:09.309, 	4698.91, 	33.4575, 	3.75734, 	23.4805
11:13:09.349, 	4731.22, 	33.6978, 	3.75734, 	23.4805
11:13:09.389, 	4584.82, 	34.9112, 	3.75734, 	23.4805
11:13:09.429, 	4706.94, 	34.7303, 	3.75734, 	23.4805
11:13:09.470, 	4805.52, 	33.3435, 	3.75734, 	23.4805
11:13:09.510, 	4782.63, 	36.3164, 	3.75734, 	23.4805
11:13:09.550, 	4701.63, 	36.1438, 	3.75734, 	23.4805
11:13:09.590, 	4705.39, 	34.0771, 	3.75734, 	23.4805
11:13:09.630, 	4944.72, 	35.6427, 	3.75734, 	23.4805
11:13:09.671, 	4796.04, 	35.4059, 	3.75734, 	23.4805
11:13:09.711, 	4889.56, 	34.6982, 	3.75734, 	23.4805
11:13:09.751, 	4966.37, 	34.2791, 	3.75734, 	23.4805
11:13:09.791, 	4783.91, 	33.1111, 	3.75734, 	23.4805
11:13:09.832, 	4988.56, 	34.0278, 	3.75734, 	23.4805
11:13:09.872, 	4883.12, 	34.7074, 	3.75734, 	23.4805
11:13:09.912, 	4865.87, 	35.0044, 	3.75734, 	23.4805
11:13:09.952, 	4727.26, 	33.1782, 	3.75734, 	23.4805
11:13:09.993, 	4821.41, 	33.0132, 	3.75734, 	23.4805
11:13:10.033, 	4953.08, 	34.7432, 	3.75734, 	23.4805
11:13:10.073, 	4893.06, 	33.92, 	3.75734, 	23.4805
11:13:10.113, 	4967.7, 	34.1201, 	3.75734, 	23.4805
11:13:10.154, 	4868.93, 	34.1609, 	3.75734, 	23.4805
11:13:10.194, 	4980.83, 	34.0248, 	3.75734, 	23.4805
11:13:10.234, 	4802.69, 	35.9787, 	3.75734, 	23.4805
11:13:10.274, 	4974.6, 	36.3121, 	3.75734, 	23.4805
11:13:10.314, 	5056.85, 	35.5744, 	3.75734, 	23.4805
11:13:10.355, 	4996.46, 	34.501, 	3.75734, 	23.4805
11:13:10.395, 	5089.06, 	34.121, 	3.75734, 	23.4805
11:13:10.435, 	4923.45, 	33.3438, 	3.75734, 	23.4805
11:13:10.476, 	4895.17, 	35.0148, 	3.75734, 	23.4805
11:13:10.516, 	5042.4, 	33.7378, 	3.75734, 	23.4805
11:13:10.556, 	5010.36, 	34.9269, 	3.75734, 	23.4805
11:13:10.596, 	4997.43, 	31.9426, 	3.75734, 	23.4805
11:13:10.636, 	4993.32, 	35.4118, 	3.75734, 	23.4805
11:13:10.677, 	4929.48, 	34.943, 	3.75734, 	23.4805
11:13:10.717, 	4766.43, 	33.4177, 	3.75734, 	23.4805
11:13:10.757, 	5106.21, 	32.4156, 	3.75734, 	23.4805
11:13:10.797, 	5002.54, 	35.7178, 	3.75734, 	23.4805
11:13:10.837, 	4942.57, 	35.2143, 	3.75734, 	23.4805
11:13:10.878, 	4990.25, 	36.9867, 	3.75734, 	23.4805
11:13:10.918, 	4887.57, 	33.5277, 	3.75734, 	23.4805
11:13:10.958, 	4992.5, 	33.9399, 	3.75734, 	23.4805
11:13:10.998, 	4914.39, 	34.4607, 	3.75734, 	23.4805
11:13:11.039, 	4900.73, 	34.7232, 	3.75734, 	23.4805
11:13:11.079, 	5026.07, 	33.1052, 	3.75734, 	23.4805
11:13:11.119, 	4862.54, 	35.1261, 	3.75734, 	23.4805
11:13:11.159, 	4968.67, 	34.339, 	3.75734, 	23.4805
11:13:11.200, 	5004.7, 	34.8927, 	3.75734, 	23.4805
11:13:11.240, 	5024.83, 	33.4141, 	3.75734, 	23.4805
11:13:11.280, 	5023.98, 	33.8976, 	3.75734, 	23.4805
11:13:11.320, 	4706.82, 	35.6407, 	3.75734, 	23.4805
11:13:11.361, 	4989.24, 	34.1623, 	3.75734, 	23.4805
11:13:11.401, 	4869.75, 	34.7269, 	3.75734, 	23.4805
11:13:11.441, 	5086.96, 	36.4794, 	3.75734, 	23.4805
11:13:11.481, 	4822.76, 	33.6212, 	3.75734, 	23.4805
11:13:11.521, 	4967.14, 	34.8448, 	3.75734, 	23.4805
11:13:11.562, 	4955.92, 	35.3703, 	3.75734, 	23.4805
11:13:11.602, 	4951.07, 	32.5152, 	3.75734, 	23.4805
11:13:11.642, 	4943.5, 	35.6627, 	3.75734, 	23.4805
11:13:11.682, 	4846.02, 	35.7652, 	3.75734, 	23.4805
11:13:11.723, 	5090.65, 	35.4491, 	3.75734, 	23.4805
11:13:11.763, 	5019.76, 	33.7032, 	3.75734, 	23.4805
11:13:11.803, 	5031.67, 	35.0401, 	3.75734, 	23.4805
11:13:11.843, 	4938.48, 	34.7819, 	3.75734, 	23.4805
11:13:11.884, 	4956.35, 	34.2259, 	3.75734, 	23.4805
11:13:11.924, 	5085.66, 	33.333, 	3.75734, 	23.4805
11:13:11.964, 	5100.07, 	35.8752, 	3.75734, 	23.4805
11:13:12.004, 	5092.26, 	34.4425, 	3.75734, 	23.4805
11:13:12.044, 	5090.84, 	32.7482, 	3.75734, 	23.4805
11:13:12.085, 	4752.2, 	34.3632, 	3.75734, 	23.4805
11:13:12.125, 	4870.94, 	34.7243, 	3.75734, 	23.4805
11:13:12.165, 	4918.47, 	33.8409, 	3.75734, 	23.4805
11:13:12.205, 	5078.52, 	35.408, 	3.75734, 	23.4805
11:13:12.246, 	4797.11, 	34.1576, 	3.75734, 	23.4805
11:13:12.286, 	4965.1, 	34.0903, 	3.75734, 	23.4805
11:13:12.326, 	4986.75, 	34.2582, 	3.75734, 	23.4805
11:13:12.366, 	4982.79, 	33.2369, 	3.75734, 	23.4805
11:13:12.406, 	5044.43, 	34.4378, 	3.75734, 	23.4805
11:13:12.447, 	5026.85, 	33.1053, 	3.75734, 	23.4805
11:13:12.487, 	5030.33, 	34.7071, 	3.75734, 	23.4805
11:13:12.527, 	4870.63, 	34.6133, 	3.75734, 	23.4805
11:13:12.568, 	5113.57, 	33.6451, 	3.75734, 	23.4805
11:13:12.608, 	5041.67, 	34.8246, 	3.75734, 	23.4805
11:13:12.648, 	4982.05, 	33.8258, 	3.75734, 	23.4805
11:13:12.688, 	4851.79, 	34.6171, 	3.75734, 	23.4805
11:13:12.729, 	4996.19, 	32.9278, 	3.75734, 	23.4805
11:13:12.769, 	5105.87, 	34.8424, 	3.75734, 	23.4805
11:13:12.810, 	5042.57, 	34.7734, 	3.75734, 	23.4805
11:13:12.869, 	5045.94, 	34.4631, 	3.75734, 	23.4805
11:13:12.910, 	4997.36, 	32.9382, 	3.75734, 	23.4805
11:13:12.950, 	5102.85, 	33.6224, 	3.75734, 	23.4805
11:13:12.990, 	4819.5, 	35.1616, 	3.75734, 	23.4805
11:13:13.030, 	4955.33, 	35.9897, 	3.75734, 	23.4805
11:13:13.081, 	4908.49, 	34.4417, 	3.75734, 	23.4805
11:13:13.121, 	4929.62, 	33.7426, 	3.75734, 	23.4805
11:13:13.161, 	4850.82, 	35.7654, 	3.75734, 	23.4805
11:13:13.201, 	5058.33, 	34.9184, 	3.75734, 	23.4805
11:13:13.242, 	4912.38, 	34.8017, 	3.75734, 	23.4805
11:13:13.282, 	4921.82, 	32.1454, 	3.75734, 	23.4805
11:13:13.322, 	5003.21, 	34.1907, 	3.75734, 	23.4805
11:13:13.362, 	4886.42, 	31.3136, 	3.75734, 	23.4805
11:13:13.402, 	4891.3, 	33.8209, 	3.75734, 	23.4805
11:13:13.443, 	4916.74, 	33.2292, 	3.75734, 	23.4805
11:13:13.483, 	4828.46, 	33.556, 	3.75734, 	23.4805
11:13:13.523, 	4996.98, 	36.2098, 	3.75734, 	23.4805
11:13:13.564, 	4956.09, 	34.0829, 	3.75734, 	23.4805
11:13:13.604, 	5027.18, 	33.9721, 	3.75734, 	23.4805
11:13:13.644, 	4917.2, 	34.9566, 	3.75734, 	23.4805
11:13:13.684, 	4996.56, 	33.4392, 	3.75734, 	23.4805
11:13:13.724, 	5059.17, 	34.062, 	3.75734, 	23.4805
11:13:13.765, 	4944.85, 	33.8864, 	3.75734, 	23.4805
11:13:13.805, 	4938.69, 	34.2839, 	3.75734, 	23.4805
11:13:13.845, 	4931.4, 	34.5047, 	3.75734, 	23.4805
11:13:13.886, 	4987.31, 	33.9457, 	3.75734, 	23.4805
11:13:13.926, 	4979.79, 	36.4017, 	3.75734, 	23.4805
11:13:13.967, 	4913.01, 	32.6697, 	3.75734, 	23.4805
11:13:14.007, 	4990.88, 	33.7429, 	3.75734, 	23.4805
11:13:14.047, 	4921.06, 	33.7305, 	3.75734, 	23.4805
11:13:14.087, 	4930.76, 	35.7112, 	3.75734, 	23.4805
11:13:14.127, 	4898.36, 	35.8073, 	3.75734, 	23.4805
11:13:14.168, 	4908.62, 	34.5023, 	3.75734, 	23.4805
11:13:14.208, 	4910.9, 	34.0859, 	3.75734, 	23.4805
11:13:14.248, 	4995.87, 	32.1178, 	3.75734, 	23.4805
11:13:14.288, 	4860.4, 	34.8935, 	3.75734, 	23.4805
11:13:14.329, 	4958.28, 	33.8419, 	3.75734, 	23.4805
11:13:14.369, 	5173.03, 	35.5933, 	3.75734, 	23.4805
11:13:14.409, 	5067.41, 	35.6474, 	3.75734, 	23.4805
11:13:14.449, 	4979.04, 	35.1428, 	3.75734, 	23.4805
11:13:14.490, 	4954.26, 	35.9107, 	3.75734, 	23.4805
11:13:14.530, 	4965.6, 	35.7308, 	3.75734, 	23.4805
11:13:14.571, 	4960.31, 	36.5958, 	3.75734, 	23.4805
11:13:14.631, 	4870.79, 	34.5361, 	3.75734, 	23.4805
11:13:14.691, 	5050.41, 	34.1197, 	3.75734, 	23.4805
11:13:14.731, 	5072.73, 	35.0092, 	3.75734, 	23.4805
11:13:14.772, 	5052.24, 	33.1538, 	3.75734, 	23.4805
11:13:14.812, 	4970.48, 	32.2405, 	3.75734, 	23.4805
11:13:14.852, 	5047.88, 	33.4893, 	3.75734, 	23.4805
11:13:14.892, 	4998.6, 	34.4289, 	3.75734, 	23.4805
11:13:14.933, 	5080.61, 	36.0096, 	3.75734, 	23.4805
11:13:14.973, 	5033.84, 	34.0682, 	3.75734, 	23.4805
11:13:15.013, 	4859.14, 	34.7722, 	3.75734, 	23.4805
11:13:15.054, 	4944.07, 	36.5555, 	3.75734, 	23.4805
11:13:15.094, 	5090.07, 	35.0677, 	3.75734, 	23.4805
11:13:15.134, 	5014.82, 	34.9306, 	3.75734, 	23.4805
11:13:15.174, 	4940.2, 	33.1898, 	3.75734, 	23.4805
11:13:15.215, 	5031.63, 	33.0597, 	3.75734, 	23.4805
11:13:15.255, 	5031.03, 	34.0071, 	3.75734, 	23.4805
11:13:15.295, 	4958.69, 	34.7082, 	3.75734, 	23.4805
11:13:15.335, 	4967.52, 	33.3519, 	3.75734, 	23.4805
11:13:15.376, 	5034.52, 	33.518, 	3.75734, 	23.4805
11:13:15.416, 	4824.57, 	33.1807, 	3.75734, 	23.4805
11:13:15.456, 	5066.69, 	33.7232, 	3.75734, 	23.4805
11:13:15.497, 	4971.09, 	33.435, 	3.75734, 	23.4805
11:13:15.537, 	4913.62, 	33.0997, 	3.75734, 	23.4805
11:13:15.581, 	4999.2, 	34.6514, 	3.75734, 	23.4805
11:13:15.638, 	5040.42, 	33.0217, 	3.75734, 	23.4805
11:13:15.678, 	5057.68, 	33.0846, 	3.75734, 	23.4805
11:13:15.718, 	4760.73, 	33.8762, 	3.75734, 	23.4805
11:13:15.759, 	5085.04, 	34.2192, 	3.75734, 	23.4805
11:13:15.799, 	4827.31, 	33.7576, 	3.75734, 	23.4805
11:13:15.839, 	4841.63, 	35.408, 	3.75734, 	23.4805
11:13:15.880, 	5080.06, 	37.6367, 	3.75734, 	23.4805
11:13:15.920, 	5054.74, 	35.4427, 	3.75734, 	23.4805
11:13:15.961, 	4947.06, 	34.0487, 	3.75734, 	23.4805
11:13:16.011, 	4886.57, 	32.7944, 	3.75734, 	23.4805
11:13:16.052, 	4962.6, 	34.2886, 	3.75734, 	23.4805
11:13:16.092, 	5031.65, 	34.7552, 	3.75734, 	23.4805
11:13:16.132, 	4971.87, 	33.7541, 	3.75734, 	23.4805
11:13:16.172, 	4902.52, 	33.8543, 	3.75734, 	23.4805
11:13:16.213, 	5104.02, 	32.4567, 	3.75734, 	23.4805
11:13:16.253, 	5082.05, 	34.0952, 	3.75734, 	23.4805
11:13:16.293, 	4870.7, 	35.9382, 	3.75734, 	23.4805
11:13:16.334, 	4975.32, 	33.1793, 	3.75734, 	23.4805
11:13:16.374, 	4969.24, 	33.5452, 	3.75734, 	23.4805
11:13:16.414, 	4779.86, 	33.6926, 	3.75734, 	23.4805
11:13:16.454, 	4893.01, 	35.2269, 	3.75734, 	23.4805
11:13:16.495, 	5106.92, 	33.7712, 	3.75734, 	23.4805
11:13:16.535, 	4993.2, 	35.7288, 	3.75734, 	23.4805
11:13:16.575, 	5039.68, 	33.4098, 	3.75734, 	23.4805
11:13:16.616, 	4973.56, 	35.6805, 	3.75734, 	23.4805
11:13:16.656, 	5018.68, 	35.117, 	3.75734, 	23.4805
11:13:16.716, 	4746.24, 	33.7734, 	3.75734, 	23.4805
11:13:16.756, 	4834.85, 	33.2471, 	3.75734, 	23.4805
11:13:16.796, 	4965.08, 	35.3858, 	3.75734, 	23.4805
11:13:16.837, 	4911.72, 	35.462, 	3.75734, 	23.4805
11:13:16.877, 	5015.17, 	34.9678, 	3.75734, 	23.4805
11:13:16.917, 	4918.11, 	35.2303, 	3.75734, 	23.4805
11:13:16.957, 	4917.05, 	31.5236, 	3.75734, 	23.4805
11:13:16.998, 	5068.6, 	35.9461, 	3.75734, 	23.4805
11:13:17.038, 	5039.08, 	34.3305, 	3.75734, 	23.4805
11:13:17.079, 	5002.32, 	35.5331, 	3.75734, 	23.4805
11:13:17.119, 	5026.71, 	34.5582, 	3.75734, 	23.4805
11:13:17.159, 	4931.21, 	34.1215, 	3.75734, 	23.4805
11:13:17.199, 	4908.52, 	34.012, 	3.75734, 	23.4805
11:13:17.239, 	4951.21, 	34.1936, 	3.75734, 	23.4805
11:13:17.279, 	4982.12, 	35.7013, 	3.75734, 	23.4805
11:13:17.320, 	5006.68, 	33.1946, 	3.75734, 	23.4805
11:13:17.360, 	4880.89, 	34.3191, 	3.75734, 	23.4805
11:13:17.400, 	4996.57, 	33.709, 	3.75734, 	23.4805
11:13:17.440, 	4936.02, 	34.8872, 	3.75734, 	23.4805
11:13:17.481, 	4903.82, 	33.867, 	3.75734, 	23.4805
11:13:17.521, 	5011.82, 	34.6649, 	3.75734, 	23.4805
11:13:17.561, 	4966.81, 	33.7608, 	3.75734, 	23.4805
11:13:17.602, 	4967.57, 	33.1, 	3.75734, 	23.4805
11:13:17.662, 	4924.07, 	34.5036, 	3.75734, 	23.4805
11:13:17.702, 	5052.64, 	33.9658, 	3.75734, 	23.4805
11:13:17.742, 	4861.31, 	34.0455, 	3.75734, 	23.4805
11:13:17.783, 	5049, 	35.2574, 	3.75734, 	23.4805
11:13:17.823, 	5003.21, 	33.7569, 	3.75734, 	23.4805
11:13:17.863, 	4968.58, 	33.9913, 	3.75734, 	23.4805
11:13:17.903, 	4911.23, 	33.5741, 	3.75734, 	23.4805
11:13:17.944, 	4872.04, 	34.9528, 	3.75734, 	23.4805
11:13:17.984, 	5061.59, 	36.2086, 	3.75734, 	23.4805
11:13:18.024, 	4833.24, 	34.947, 	3.75734, 	23.4805
11:13:18.065, 	4911.74, 	33.3259, 	3.75734, 	23.4805
11:13:18.105, 	5032.5, 	33.3438, 	3.75734, 	23.4805
11:13:18.145, 	4902.35, 	32.7373, 	3.75734, 	23.4805
11:13:18.185, 	4901.59, 	36.9037, 	3.75734, 	23.4805
11:13:18.225, 	4880.32, 	33.7659, 	3.75734, 	23.4805
11:13:18.266, 	4987.63, 	33.2997, 	3.75734, 	23.4805
11:13:18.326, 	4881.4, 	34.9377, 	3.75734, 	23.4805
11:13:18.367, 	4958.93, 	34.6665, 	3.75734, 	23.4805
11:13:18.407, 	4804.33, 	35.0542, 	3.75734, 	23.4805
11:13:18.447, 	5022.64, 	34.8493, 	3.75734, 	23.4805
11:13:18.487, 	4832.45, 	33.5919, 	3.75734, 	23.4805
11:13:18.527, 	5088.52, 	34.616, 	3.75734, 	23.4805
11:13:18.568, 	4908.53, 	32.9564, 	3.75734, 	23.4805
11:13:18.612, 	4863.42, 	34.8249, 	3.75734, 	23.4805
11:13:18.669, 	4920.74, 	34.0346, 	3.75734, 	23.4805
11:13:18.709, 	4832.72, 	34.5208, 	3.75734, 	23.4805
11:13:18.749, 	4922.35, 	36.3302, 	3.75734, 	23.4805
11:13:18.790, 	4984.67, 	35.0342, 	3.75734, 	23.4805
11:13:18.830, 	4657.55, 	34.7081, 	3.75734, 	23.4805
11:13:18.871, 	4851.96, 	34.3964, 	3.75734, 	23.4805
11:13:18.911, 	4880.22, 	33.0682, 	3.75734, 	23.4805
11:13:18.961, 	4876.31, 	33.8809, 	3.75734, 	23.4805
11:13:19.001, 	4951.33, 	34.0424, 	3.75734, 	23.4805
11:13:19.042, 	4919.3, 	34.7982, 	3.75734, 	23.4805
11:13:19.082, 	5075.51, 	35.8964, 	3.75734, 	23.4805
11:13:19.122, 	4705.89, 	33.9422, 	3.75734, 	23.4805
11:13:19.162, 	4846.96, 	34.2618, 	3.75734, 	23.4805
11:13:19.203, 	5010.59, 	34.0444, 	3.75734, 	23.4805
11:13:19.243, 	4896.34, 	36.4748, 	3.75734, 	23.4805
11:13:19.283, 	4841.47, 	34.4476, 	3.75734, 	23.4805
11:13:19.323, 	4794.35, 	34.0778, 	3.75734, 	23.4805
11:13:19.363, 	4796.68, 	34.9257, 	3.75734, 	23.4805
11:13:19.404, 	4942.49, 	35.4389, 	3.75734, 	23.4805
11:13:19.444, 	4979.18, 	35.8929, 	3.75734, 	23.4805
11:13:19.484, 	4959.75, 	35.4561, 	3.75734, 	23.4805
11:13:19.524, 	4903.65, 	37.3689, 	3.75734, 	23.4805
11:13:19.565, 	4827.69, 	35.2054, 	3.75734, 	23.4805
11:13:19.605, 	4750.44, 	32.1737, 	3.75734, 	23.4805
11:13:19.645, 	4770.94, 	34.9124, 	3.75734, 	23.4805
11:13:19.686, 	4846.11, 	34.1222, 	3.75734, 	23.4805
11:13:19.726, 	4826.74, 	32.1769, 	3.75734, 	23.4805
11:13:19.766, 	5041.81, 	33.4904, 	3.75734, 	23.4805
11:13:19.807, 	4879.09, 	33.4237, 	3.75734, 	23.4805
11:13:19.846, 	4867.67, 	35.3259, 	3.75734, 	23.4805
11:13:19.887, 	4750.46, 	34.1446, 	3.75734, 	23.4805
11:13:19.927, 	4882.9, 	33.9623, 	3.75734, 	23.4805
11:13:19.967, 	4856.64, 	33.4404, 	3.75734, 	23.4805
11:13:20.007, 	4906.75, 	33.9682, 	3.75734, 	23.4805
11:13:20.047, 	4997.78, 	35.4811, 	3.75734, 	23.4805
11:13:20.088, 	4736.48, 	34.2922, 	3.75734, 	23.4805
11:13:20.128, 	4858.21, 	34.5427, 	3.75734, 	23.4805
11:13:20.168, 	4956.68, 	35.1248, 	3.75734, 	23.4805
11:13:20.208, 	4954.95, 	35.1742, 	3.75734, 	23.4805
11:13:20.248, 	4962.67, 	35.9763, 	3.75734, 	23.4805
11:13:20.289, 	4818.02, 	34.7442, 	3.75734, 	23.4805
11:13:20.329, 	4961.3, 	36.2165, 	3.75734, 	23.4805
11:13:20.369, 	4686.05, 	33.0475, 	3.75734, 	23.4805
11:13:20.409, 	4776.42, 	34.6514, 	3.75734, 	23.4805
11:13:20.450, 	4829.52, 	36.2514, 	3.75734, 	23.4805
11:13:20.490, 	4840.16, 	33.3382, 	3.75734, 	23.4805
11:13:20.530, 	4714.74, 	31.4351, 	3.75734, 	23.4805
11:13:20.570, 	4855.98, 	34.7845, 	3.75734, 	23.4805
11:13:20.610, 	4817.42, 	34.7537, 	3.75734, 	23.4805
11:13:20.651, 	4686.54, 	34.0551, 	3.75734, 	23.4805
11:13:20.691, 	4812.12, 	33.647, 	3.75734, 	23.4805
11:13:20.731, 	4930.98, 	33.3774, 	3.75734, 	23.4805
11:13:20.771, 	4799.48, 	35.1835, 	3.75734, 	23.4805
11:13:20.812, 	4966.53, 	34.9487, 	3.75734, 	23.4805
11:13:20.852, 	5035.7, 	35.1438, 	3.75734, 	23.4805
11:13:20.892, 	4757.93, 	34.9519, 	3.75734, 	23.4805
11:13:20.932, 	5005.02, 	34.6809, 	3.75734, 	23.4805
11:13:20.973, 	4806.89, 	33.9721, 	3.75734, 	23.4805
11:13:21.013, 	4857.4, 	34.9724, 	3.75734, 	23.4805
11:13:21.053, 	4911.17, 	32.7669, 	3.75734, 	23.4805
11:13:21.094, 	4922.48, 	33.1655, 	3.75734, 	23.4805
11:13:21.134, 	4821.78, 	33.562, 	3.75734, 	23.4805
11:13:21.174, 	4787.07, 	34.3247, 	3.75734, 	23.4805
11:13:21.214, 	4712.2, 	33.3529, 	3.75734, 	23.4805
11:13:21.254, 	4739.98, 	33.7601, 	3.75734, 	23.4805
11:13:21.295, 	4846.91, 	32.6214, 	3.75734, 	23.4805
11:13:21.335, 	4831.94, 	34.9398, 	3.75734, 	23.4805
11:13:21.375, 	4848.88, 	34.2638, 	3.75734, 	23.4805
11:13:21.415, 	4967.7, 	35.5316, 	3.75734, 	23.4805
11:13:21.455, 	4815.01, 	35.2286, 	3.75734, 	23.4805
11:13:21.496, 	4792.4, 	33.7401, 	3.75734, 	23.4805
11:13:21.536, 	4865.12, 	35.0774, 	3.75734, 	23.4805
11:13:21.576, 	4645.42, 	34.2929, 	3.75734, 	23.4805
11:13:21.616, 	4814.82, 	33.3661, 	3.75734, 	23.4805
11:13:21.656, 	4768.66, 	32.6202, 	3.75734, 	23.4805
11:13:21.697, 	4728.79, 	35.8233, 	3.75734, 	23.4805
11:13:21.737, 	4822.92, 	35.3655, 	3.75734, 	23.4805
11:13:21.777, 	4811.66, 	33.5089, 	3.75734, 	23.4805
11:13:21.818, 	4790.46, 	34.8369, 	3.75734, 	23.4805
11:13:21.858, 	4788.69, 	35.8908, 	3.75734, 	23.4805
11:13:21.898, 	4857.69, 	33.9429, 	3.75734, 	23.4805
11:13:21.938, 	4684.51, 	35.4772, 	3.75734, 	23.4805
11:13:21.979, 	4710.9, 	34.0108, 	3.75734, 	23.4805
11:13:22.019, 	4789.26, 	33.5935, 	3.75734, 	23.4805
11:13:22.060, 	4736.45, 	33.398, 	3.75734, 	23.4805
11:13:22.100, 	4913.91, 	33.8697, 	3.75734, 	23.4805
11:13:22.140, 	4805.18, 	34.7145, 	3.75734, 	23.4805
11:13:22.181, 	4880.83, 	32.9144, 	3.75734, 	23.4805
11:13:22.221, 	4848.2, 	34.4028, 	3.75734, 	23.4805
11:13:22.261, 	4814.78, 	35.1338, 	3.75734, 	23.4805
11:13:22.301, 	4940.71, 	33.7373, 	3.75734, 	23.4805
11:13:22.342, 	4787.28, 	36.8596, 	3.75734, 	23.4805
11:13:22.383, 	4788.76, 	33.9105, 	3.75734, 	23.4805
11:13:22.442, 	4851.49, 	34.8085, 	3.75734, 	23.4805
11:13:22.482, 	4868.06, 	32.5785, 	3.75734, 	23.4805
11:13:22.523, 	4798.48, 	34.8831, 	3.75734, 	23.4805
11:13:22.563, 	4678.98, 	35.0509, 	3.75734, 	23.4805
11:13:22.603, 	4849.44, 	35.2638, 	3.75734, 	23.4805
11:13:22.647, 	4789.18, 	33.0269, 	3.75734, 	23.4805
11:13:22.684, 	4876.09, 	34.5507, 	3.75734, 	23.4805
11:13:22.724, 	4804.14, 	35.0591, 	3.75734, 	23.4805
11:13:22.764, 	4741.48, 	35.1691, 	3.75734, 	23.4805
11:13:22.804, 	4815.63, 	32.8073, 	3.75734, 	23.4805
11:13:22.844, 	4821.57, 	34.4603, 	3.75734, 	23.4805
11:13:22.895, 	4817.04, 	36.8282, 	3.75734, 	23.4805
11:13:22.935, 	4818.41, 	35.8788, 	3.75734, 	23.4805
11:13:22.975, 	4833.16, 	35.6957, 	3.75734, 	23.4805
11:13:23.016, 	4920.33, 	33.564, 	3.75734, 	23.4805
11:13:23.056, 	4734.55, 	34.8692, 	3.75734, 	23.4805
11:13:23.096, 	4756.06, 	33.7056, 	3.75734, 	23.4805
11:13:23.137, 	4625.6, 	32.9701, 	3.75734, 	23.4805
11:13:23.177, 	4811.14, 	34.0884, 	3.75734, 	23.4805
11:13:23.217, 	4775.01, 	34.2197, 	3.75734, 	23.4805
11:13:23.257, 	4770.34, 	33.4401, 	3.75734, 	23.4805
11:13:23.298, 	4659.64, 	32.8479, 	3.75734, 	23.4805
11:13:23.338, 	4638.71, 	34.8597, 	3.75734, 	23.4805
11:13:23.379, 	4701.34, 	35.0862, 	3.75734, 	23.4805
11:13:23.419, 	4701.33, 	34.4446, 	3.75734, 	23.4805
11:13:23.459, 	4722.03, 	35.933, 	3.75734, 	23.4805
11:13:23.500, 	4805.57, 	35.1307, 	3.75734, 	23.4805
11:13:23.540, 	4696.75, 	34.8957, 	3.75734, 	23.4805
11:13:23.581, 	4729.98, 	35.0789, 	3.75734, 	23.4805
11:13:23.621, 	4810.1, 	34.5504, 	3.75734, 	23.4805
11:13:23.664, 	4892.41, 	34.0568, 	3.75734, 	23.4805
11:13:23.722, 	4855.06, 	33.5877, 	3.75734, 	23.4805
11:13:23.762, 	4773.16, 	36.3065, 	3.75734, 	23.4805
11:13:23.802, 	4797.35, 	35.3055, 	3.75734, 	23.4805
11:13:23.842, 	4869.28, 	35.6546, 	3.75734, 	23.4805
11:13:23.883, 	4627.33, 	34.2851, 	3.75734, 	23.4805
11:13:23.923, 	4816.6, 	35.4406, 	3.75734, 	23.4805
11:13:23.964, 	4764.14, 	33.0643, 	3.75734, 	23.4805
11:13:24.004, 	4693.58, 	35.0601, 	3.75734, 	23.4805
11:13:24.044, 	4657.74, 	33.6542, 	3.75734, 	23.4805
11:13:24.084, 	4822.78, 	34.8089, 	3.75734, 	23.4805
11:13:24.125, 	4707.84, 	36.4155, 	3.75734, 	23.4805
11:13:24.165, 	4804.45, 	33.6228, 	3.75734, 	23.4805
11:13:24.205, 	4817.25, 	33.7223, 	3.75734, 	23.4805
11:13:24.245, 	4696.52, 	35.3615, 	3.75734, 	23.4805
11:13:24.286, 	4671.09, 	33.5813, 	3.75734, 	23.4805
11:13:24.326, 	4830.86, 	34.8253, 	3.75734, 	23.4805
11:13:24.367, 	4832.62, 	35.1873, 	3.75734, 	23.4805
11:13:24.407, 	4784.88, 	34.2984, 	3.75734, 	23.4805
11:13:24.447, 	4802.42, 	35.8285, 	3.75734, 	23.4805
11:13:24.488, 	4761.84, 	32.9818, 	3.75734, 	23.4805
11:13:24.528, 	4700.43, 	34.2151, 	3.75734, 	23.4805
11:13:24.568, 	4652.38, 	35.2488, 	3.75734, 	23.4805
11:13:24.608, 	4715.75, 	33.2433, 	3.75734, 	23.4805
11:13:24.649, 	4763.46, 	34.5823, 	3.75734, 	23.4805
11:13:24.689, 	4692.05, 	34.6851, 	3.75734, 	23.4805
11:13:24.729, 	4921.02, 	32.8171, 	3.75734, 	23.4805
11:13:24.769, 	4654.69, 	33.3168, 	3.75734, 	23.4805
11:13:24.811, 	4699.69, 	33.9825, 	3.75734, 	23.4805
11:13:24.871, 	4836.5, 	35.7473, 	3.75734, 	23.4805
11:13:24.911, 	4615.78, 	35.0423, 	3.75734, 	23.4805
11:13:24.951, 	4863.75, 	36.7306, 	3.75734, 	23.4805
11:13:24.992, 	4742.94, 	34.3807, 	3.75734, 	23.4805
11:13:25.032, 	4718.98, 	34.5571, 	3.75734, 	23.4805
11:13:25.073, 	4694.41, 	35.2251, 	3.75734, 	23.4805
11:13:25.113, 	4818.64, 	32.7897, 	3.75734, 	23.4805
11:13:25.163, 	4872.28, 	32.9539, 	3.75734, 	23.4805
11:13:25.204, 	4698.26, 	33.5674, 	3.75734, 	23.4805
11:13:25.244, 	4807.03, 	34.8751, 	3.75734, 	23.4805
11:13:25.284, 	4737.79, 	33.7105, 	3.75734, 	23.4805
11:13:25.325, 	4736.7, 	36.0802, 	3.75734, 	23.4805
11:13:25.365, 	4766.43, 	34.4596, 	3.75734, 	23.4805
11:13:25.405, 	4770.05, 	34.9841, 	3.75734, 	23.4805
11:13:25.446, 	4876.86, 	36.2389, 	3.75734, 	23.4805
11:13:25.486, 	4908.15, 	39.2104, 	3.75734, 	23.4805
11:13:25.526, 	4794.15, 	33.6774, 	3.75734, 	23.4805
11:13:25.567, 	4831.48, 	33.708, 	3.75734, 	23.4805
11:13:25.607, 	4938.22, 	32.9657, 	3.75734, 	23.4805
11:13:25.648, 	4847.55, 	34.2589, 	3.75734, 	23.4805
11:13:25.688, 	4866.2, 	33.751, 	3.75734, 	23.4805
11:13:25.729, 	4634.04, 	34.0285, 	3.75734, 	23.4805
11:13:25.769, 	4934.74, 	35.51, 	3.75734, 	23.4805
11:13:25.810, 	4763.26, 	33.1455, 	3.75734, 	23.4805
11:13:25.870, 	4668.29, 	34.2203, 	3.75734, 	23.4805
11:13:25.910, 	4781.72, 	34.0554, 	3.75734, 	23.4805
11:13:25.951, 	4778.44, 	34.0353, 	3.75734, 	23.4805
11:13:25.991, 	4623.99, 	35.875, 	3.75734, 	23.4805
11:13:26.031, 	4791.2, 	34.2262, 	3.75734, 	23.4805
11:13:26.072, 	4711.5, 	33.4196, 	3.75734, 	23.4805
11:13:26.112, 	4720.05, 	35.8456, 	3.75734, 	23.4805
11:13:26.172, 	4607.92, 	33.9575, 	3.75734, 	23.4805
11:13:26.213, 	4902.1, 	33.933, 	3.75734, 	23.4805
11:13:26.253, 	4777.79, 	34.9573, 	3.75734, 	23.4805
11:13:26.293, 	4959.12, 	34.2381, 	3.75734, 	23.4805
11:13:26.333, 	4881.37, 	32.109, 	3.75734, 	23.4805
11:13:26.374, 	4755.57, 	35.4764, 	3.75734, 	23.4805
11:13:26.414, 	4754.03, 	34.3371, 	3.75734, 	23.4805
11:13:26.455, 	4717.6, 	34.4239, 	3.75734, 	23.4805
11:13:26.495, 	4815.32, 	36.3638, 	3.75734, 	23.4805
11:13:26.535, 	4870.95, 	35.6212, 	3.75734, 	23.4805
11:13:26.576, 	4862.8, 	33.8194, 	3.75734, 	23.4805
11:13:26.616, 	4943.4, 	34.5491, 	3.75734, 	23.4805
11:13:26.656, 	4788.53, 	33.6918, 	3.60704, 	24.4603
11:13:26.697, 	4870.8, 	34.6641, 	3.75734, 	23.4805
11:13:26.737, 	4863.21, 	31.7268, 	3.75734, 	23.4805
11:13:26.777, 	4944.99, 	33.2028, 	3.75734, 	23.4805
11:13:26.818, 	4828.6, 	35.2987, 	3.75734, 	23.4805
11:13:26.858, 	4816.25, 	34.2993, 	3.75734, 	23.4805
11:13:26.898, 	4760.7, 	35.6315, 	3.75734, 	23.4805
11:13:26.939, 	4819.42, 	34.2147, 	3.75734, 	23.4805
11:13:26.979, 	4741.68, 	37.2544, 	3.75734, 	23.4805
11:13:27.019, 	4982.44, 	34.9502, 	3.75734, 	23.4805
11:13:27.070, 	4772.14, 	35.2729, 	3.75734, 	23.4805
11:13:27.111, 	4885.24, 	32.7113, 	3.75734, 	23.4805
11:13:27.171, 	4929.84, 	36.5427, 	3.75734, 	23.4805
11:13:27.211, 	4796.22, 	35.718, 	3.75734, 	23.4805
11:13:27.252, 	4778.41, 	32.9653, 	3.75734, 	23.4805
11:13:27.292, 	4833.8, 	35.8012, 	3.75734, 	23.4805
11:13:27.332, 	4695.79, 	33.2224, 	3.75734, 	23.4805
11:13:27.372, 	4740.76, 	34.939, 	3.75734, 	23.4805
11:13:27.413, 	4765.72, 	35.0466, 	3.75734, 	23.4805
11:13:27.453, 	4868.61, 	32.8289, 	3.75734, 	23.4805
11:13:27.493, 	4945.64, 	33.6451, 	3.75734, 	23.4805
11:13:27.533, 	4820.16, 	32.3808, 	3.75734, 	23.4805
11:13:27.574, 	4839.52, 	34.5972, 	3.75734, 	23.4805
11:13:27.614, 	4742.63, 	32.153, 	3.75734, 	23.4805
11:13:27.655, 	4909.76, 	33.1209, 	3.75734, 	23.4805
11:13:27.699, 	5009.97, 	33.3374, 	3.75734, 	23.4805
11:13:27.736, 	4735.85, 	34.1073, 	3.75734, 	23.4805
11:13:27.776, 	4726.21, 	33.1457, 	3.75734, 	23.4805
11:13:27.816, 	4752.26, 	37.5165, 	3.75734, 	23.4805
11:13:27.857, 	4823.97, 	33.0543, 	3.75734, 	23.4805
11:13:27.897, 	4642.08, 	32.6788, 	3.75734, 	23.4805
11:13:27.937, 	4830.24, 	33.4283, 	3.75734, 	23.4805
11:13:27.978, 	4855.2, 	32.6133, 	3.75734, 	23.4805
11:13:28.018, 	4835.79, 	32.7926, 	3.75734, 	23.4805
11:13:28.058, 	4806.27, 	33.4481, 	3.75734, 	23.4805
11:13:28.099, 	4912.75, 	34.4495, 	3.75734, 	23.4805
11:13:28.139, 	4842.75, 	35.171, 	3.75734, 	23.4805
11:13:28.179, 	4744.92, 	34.5281, 	3.75734, 	23.4805
11:13:28.219, 	4735.38, 	35.2914, 	3.75734, 	23.4805
11:13:28.260, 	4833.76, 	37.3296, 	3.75734, 	23.4805
11:13:28.300, 	4759.68, 	35.2801, 	3.75734, 	23.4805
11:13:28.340, 	4826.38, 	32.313, 	3.75734, 	23.4805
11:13:28.380, 	4833.66, 	34.6851, 	3.75734, 	23.4805
11:13:28.421, 	4796.8, 	33.8433, 	3.75734, 	23.4805
11:13:28.461, 	4867.48, 	36.4925, 	3.75734, 	23.4805
11:13:28.501, 	4762.33, 	34.5705, 	3.75734, 	23.4805
11:13:28.541, 	4708.96, 	35.3066, 	3.75734, 	23.4805
11:13:28.582, 	4755.05, 	33.81, 	3.75734, 	23.4805
11:13:28.622, 	4824.36, 	34.7771, 	3.75734, 	23.4805
11:13:28.662, 	4819.59, 	33.7567, 	3.75734, 	23.4805
11:13:28.723, 	4724.77, 	34.2972, 	3.75734, 	23.4805
11:13:28.763, 	4834.68, 	33.9056, 	3.75734, 	23.4805
11:13:28.803, 	4917.65, 	33.7046, 	3.75734, 	23.4805
11:13:28.843, 	4808.91, 	35.2069, 	3.75734, 	23.4805
11:13:28.884, 	4733.23, 	34.1637, 	3.75734, 	23.4805
11:13:28.924, 	4856.41, 	34.1675, 	3.75734, 	23.4805
11:13:28.964, 	4945.06, 	35.5604, 	3.75734, 	23.4805
11:13:29.004, 	4858.7, 	34.2407, 	3.75734, 	23.4805
11:13:29.044, 	4762.73, 	34.1448, 	3.75734, 	23.4805
11:13:29.085, 	4700.56, 	32.2187, 	3.75734, 	23.4805
11:13:29.125, 	4867.6, 	34.771, 	3.75734, 	23.4805
11:13:29.165, 	4716.2, 	33.4632, 	3.75734, 	23.4805
11:13:29.206, 	4777.07, 	36.7143, 	3.75734, 	23.4805
11:13:29.266, 	4756.26, 	36.4938, 	3.75734, 	23.4805
11:13:29.306, 	4716.48, 	32.1239, 	3.75734, 	23.4805
11:13:29.346, 	4877.82, 	34.5522, 	3.75734, 	23.4805
11:13:29.387, 	4831.36, 	32.5125, 	3.75734, 	23.4805
11:13:29.427, 	4828.54, 	36.8372, 	3.75734, 	23.4805
11:13:29.467, 	4842.99, 	35.4355, 	3.75734, 	23.4805
11:13:29.507, 	4935.58, 	34.7182, 	3.75734, 	23.4805
11:13:29.548, 	4764.67, 	34.2978, 	3.75734, 	23.4805
11:13:29.588, 	4672.99, 	32.8604, 	3.75734, 	23.4805
11:13:29.628, 	4720.22, 	32.0939, 	3.75734, 	23.4805
11:13:29.669, 	4688.52, 	35.2293, 	3.75734, 	23.4805
