time_slot,n_visible,ids,x_m,y_m,range_m,angle_deg,blockage_xmin,blockage_xmax,n_blockage_cells,dt_s
0,2,"2,101","-4.000,0.500","7.500,3.000","8.500,3.041,5.283,5.313,5.345,5.378,5.413,5.450,5.489,5.529","-28.07,9.46,17.06,18.09,19.11,20.12,21.11,22.09,23.06,24.02",1.5,2.3,8,0.1
1,2,"2,101","-3.980,0.500","7.500,3.000","8.491,3.041,5.283,5.313,5.345,5.378,5.413,5.450,5.489,5.529","-27.95,9.46,17.06,18.09,19.11,20.12,21.11,22.09,23.06,24.02",1.5,2.3,8,0.1
2,2,"2,101","-3.960,0.500","7.500,3.000","8.481,3.041,5.283,5.313,5.345,5.378,5.413,5.450,5.489,5.529","-27.83,9.46,17.06,18.09,19.11,20.12,21.11,22.09,23.06,24.02",1.5,2.3,8,0.1
3,2,"2,101","-3.940,0.500","7.500,3.000","8.472,3.041,5.283,5.313,5.345,5.378,5.413,5.450,5.489,5.529","-27.71,9.46,17.06,18.09,19.11,20.12,21.11,22.09,23.06,24.02",1.5,2.3,8,0.1
4,2,"2,101","-3.920,0.500","7.500,3.000","8.463,3.041,5.283,5.313,5.345,5.378,5.413,5.450,5.489,5.529","-27.59,9.46,17.06,18.09,19.11,20.12,21.11,22.09,23.06,24.02",1.5,2.3,8,0.1
5,2,"2,101","-3.900,0.500","7.500,3.000","8.453,3.041,5.283,5.313,5.345,5.378,5.413,5.450,5.489,5.529","-27.47,9.46,17.06,18.09,19.11,20.12,21.11,22.09,23.06,24.02",1.5,2.3,8,0.1
6,2,"2,101","-3.880,0.500","7.500,3.000","8.444,3.041,5.283,5.313,5.345,5.378,5.413,5.450,5.489,5.529","-27.35,9.46,17.06,18.09,19.11,20.12,21.11,22.09,23.06,24.02",1.5,2.3,8,0.1
7,2,"2,101","-3.860,0.500","7.500,3.000","8.435,3.041,5.283,5.313,5.345,5.378,5.413,5.450,5.489,5.529","-27.23,9.46,17.06,18.09,19.11,20.12,21.11,22.09,23.06,24.02",1.5,2.3,8,0.1
8,2,"2,101","-3.840,0.500","7.500,3.000","8.426,3.041,5.283,5.313,5.345,5.378,5.413,5.450,5.489,5.529","-27.11,9.46,17.06,18.09,19.11,20.12,21.11,22.09,23.06,24.02",1.5,2.3,8,0.1
9,2,"2,101","-3.820,0.500","7.500,3.000","8.417,3.041,5.283,5.313,5.345,5.378,5.413,5.450,5.489,5.529","-26.99,9.46,17.06,18.09,19.11,20.12,21.11,22.09,23.06,24.02",1.5,2.3,8,0.1
10,2,"2,101","-3.800,0.500","7.500,3.000","8.408,3.041,5.283,5.313,5.345,5.378,5.413,5.450,5.489,5.529","-26.87,9.46,17.06,18.09,19.11,20.12,21.11,22.09,23.06,24.02",1.5,2.3,8,0.1
11,2,"2,101","-3.780,0.500","7.500,3.000","8.399,3.041,5.283,5.313,5.345,5.378,5.413,5.450,5.489,5.529","-26.75,9.46,17.06,18.09,19.11,20.12,21.11,22.09,23.06,24.02",1.5,2.3,8,0.1
12,2,"2,101","-3.760,0.500","7.500,3.000","8.390,3.041,5.283,5.313,5.345,5.378,5.413,5.450,5.489,5.529","-26.63,9.46,17.06,18.09,19.11,20.12,21.11,22.09,23.06,24.02",1.5,2.3,8,0.1
13,2,"2,101","-3.740,0.500","7.500,3.000","8.381,3.041,5.283,5.313,5.345,5.378,5.413,5.450,5.489,5.529","-26.50,9.46,17.06,18.09,19.11,20.12,21.11,22.09,23.06,24.02",1.5,2.3,8,0.1
14,2,"2,101","-3.720,0.500","7.500,3.000","8.372,3.041,5.283,5.313,5.345,5.378,5.413,5.450,5.489,5.529","-26.38,9.46,17.06,18.09,19.11,20.12,21.11,22.09,23.06,24.02",1.5,2.3,8,0.1
15,2,"2,101","-3.700,0.500","7.500,3.000","8.363,3.041,5.283,5.313,5.345,5.378,5.413,5.450,5.489,5.529","-26.26,9.46,17.06,18.09,19.11,20.12,21.11,22.09,23.06,24.02",1.5,2.3,8,0.1
16,2,"2,101","-3.680,0.500","7.500,3.000","8.354,3.041,5.283,5.313,5.345,5.378,5.413,5.450,5.489,5.529","-26.14,9.46,17.06,18.09,19.11,20.12,21.11,22.09,23.06,24.02",1.5,2.3,8,0.1
17,2,"2,101","-3.660,0.500","7.500,3.000","8.345,3.041,5.283,5.313,5.345,5.378,5.413,5.450,5.489,5.529","-26.01,9.46,17.06,18.09,19.11,20.12,21.11,22.09,23.06,24.02",1.5,2.3,8,0.1
18,2,"2,101","-3.640,0.500","7.500,3.000","8.337,3.041,5.283,5.313,5.345,5.378,5.413,5.450,5.489,5.529","-25.89,9.46,17.06,18.09,19.11,20.12,21.11,22.09,23.06,24.02",1.5,2.3,8,0.1
19,2,"2,101","-3.620,0.500","7.500,3.000","8.328,3.041,5.283,5.313,5.345,5.378,5.413,5.450,5.489,5.529","-25.77,9.46,17.06,18.09,19.11,20.12,21.11,22.09,23.06,24.02",1.5,2.3,8,0.1
20,2,"2,101","-3.600,0.500","7.500,3.000","8.319,3.041,5.283,5.313,5.345,5.378,5.413,5.450,5.489,5.529","-25.64,9.46,17.06,18.09,19.11,20.12,21.11,22.09,23.06,24.02",1.5,2.3,8,0.1
21,2,"2,101","-3.580,0.500","7.500,3.000","8.311,3.041,5.283,5.313,5.345,5.378,5.413,5.450,5.489,5.529","-25.52,9.46,17.06,18.09,19.11,20.12,21.11,22.09,23.06,24.02",1.5,2.3,8,0.1
22,2,"2,101","-3.560,0.500","7.500,3.000","8.302,3.041,5.283,5.313,5.345,5.378,5.413,5.450,5.489,5.529","-25.39,9.46,17.06,18.09,19.11,20.12,21.11,22.09,23.06,24.02",1.5,2.3,8,0.1
23,2,"2,101","-3.540,0.500","7.500,3.000","8.293,3.041,5.283,5.313,5.345,5.378,5.413,5.450,5.489,5.529","-25.27,9.46,17.06,18.09,19.11,20.12,21.11,22.09,23.06,24.02",1.5,2.3,8,0.1
24,2,"2,101","-3.520,0.500","7.500,3.000","8.285,3.041,5.283,5.313,5.345,5.378,5.413,5.450,5.489,5.529","-25.14,9.46,17.06,18.09,19.11,20.12,21.11,22.09,23.06,24.02",1.5,2.3,8,0.1
25,2,"2,101","-3.500,0.500","7.500,3.000","8.276,3.041,5.283,5.313,5.345,5.378,5.413,5.450,5.489,5.529","-25.02,9.46,17.06,18.09,19.11,20.12,21.11,22.09,23.06,24.02",1.5,2.3,8,0.1
26,2,"2,101","-3.480,0.500","7.500,3.000","8.268,3.041,5.283,5.313,5.345,5.378,5.413,5.450,5.489,5.529","-24.89,9.46,17.06,18.09,19.11,20.12,21.11,22.09,23.06,24.02",1.5,2.3,8,0.1
27,2,"2,101","-3.460,0.500","7.500,3.000","8.260,3.041,5.283,5.313,5.345,5.378,5.413,5.450,5.489,5.529","-24.77,9.46,17.06,18.09,19.11,20.12,21.11,22.09,23.06,24.02",1.5,2.3,8,0.1
28,2,"2,101","-3.440,0.500","7.500,3.000","8.251,3.041,5.283,5.313,5.345,5.378,5.413,5.450,5.489,5.529","-24.64,9.46,17.06,18.09,19.11,20.12,21.11,22.09,23.06,24.02",1.5,2.3,8,0.1
29,2,"2,101","-3.420,0.500","7.500,3.000","8.243,3.041,5.283,5.313,5.345,5.378,5.413,5.450,5.489,5.529","-24.51,9.46,17.06,18.09,19.11,20.12,21.11,22.09,23.06,24.02",1.5,2.3,8,0.1
30,2,"2,101","-3.400,0.500","7.500,3.000","8.235,3.041,5.283,5.313,5.345,5.378,5.413,5.450,5.489,5.529","-24.39,9.46,17.06,18.09,19.11,20.12,21.11,22.09,23.06,24.02",1.5,2.3,8,0.1
31,2,"2,101","-3.380,0.500","7.500,3.000","8.226,3.041,5.283,5.313,5.345,5.378,5.413,5.450,5.489,5.529","-24.26,9.46,17.06,18.09,19.11,20.12,21.11,22.09,23.06,24.02",1.5,2.3,8,0.1
32,2,"2,101","-3.360,0.500","7.500,3.000","8.218,3.041,5.283,5.313,5.345,5.378,5.413,5.450,5.489,5.529","-24.13,9.46,17.06,18.09,19.11,20.12,21.11,22.09,23.06,24.02",1.5,2.3,8,0.1
33,2,"2,101","-3.340,0.500","7.500,3.000","8.210,3.041,5.283,5.313,5.345,5.378,5.413,5.450,5.489,5.529","-24.01,9.46,17.06,18.09,19.11,20.12,21.11,22.09,23.06,24.02",1.5,2.3,8,0.1
34,2,"2,101","-3.320,0.500","7.500,3.000","8.202,3.041,5.283,5.313,5.345,5.378,5.413,5.450,5.489,5.529","-23.88,9.46,17.06,18.09,19.11,20.12,21.11,22.09,23.06,24.02",1.5,2.3,8,0.1
35,2,"2,101","-3.300,0.500","7.500,3.000","8.194,3.041,5.283,5.313,5.345,5.378,5.413,5.450,5.489,5.529","-23.75,9.46,17.06,18.09,19.11,20.12,21.11,22.09,23.06,24.02",1.5,2.3,8,0.1
36,2,"2,101","-3.280,0.500","7.500,3.000","8.186,3.041,5.283,5.313,5.345,5.378,5.413,5.450,5.489,5.529","-23.62,9.46,17.06,18.09,19.11,20.12,21.11,22.09,23.06,24.02",1.5,2.3,8,0.1
37,2,"2,101","-3.260,0.500","7.500,3.000","8.178,3.041,5.283,5.313,5.345,5.378,5.413,5.450,5.489,5.529","-23.49,9.46,17.06,18.09,19.11,20.12,21.11,22.09,23.06,24.02",1.5,2.3,8,0.1
38,2,"2,101","-3.240,0.500","7.500,3.000","8.170,3.041,5.283,5.313,5.345,5.378,5.413,5.450,5.489,5.529","-23.36,9.46,17.06,18.09,19.11,20.12,21.11,22.09,23.06,24.02",1.5,2.3,8,0.1
39,2,"2,101","-3.220,0.500","7.500,3.000","8.162,3.041,5.283,5.313,5.345,5.378,5.413,5.450,5.489,5.529","-23.24,9.46,17.06,18.09,19.11,20.12,21.11,22.09,23.06,24.02",1.5,2.3,8,0.1
40,2,"2,101","-3.200,0.500","7.500,3.000","8.154,3.041,5.283,5.313,5.345,5.378,5.413,5.450,5.489,5.529","-23.11,9.46,17.06,18.09,19.11,20.12,21.11,22.09,23.06,24.02",1.5,2.3,8,0.1
41,2,"2,101","-3.180,0.500","7.500,3.000","8.146,3.041,5.283,5.313,5.345,5.378,5.413,5.450,5.489,5.529","-22.98,9.46,17.06,18.09,19.11,20.12,21.11,22.09,23.06,24.02",1.5,2.3,8,0.1
42,2,"2,101","-3.160,0.500","7.500,3.000","8.139,3.041,5.283,5.313,5.345,5.378,5.413,5.450,5.489,5.529","-22.85,9.46,17.06,18.09,19.11,20.12,21.11,22.09,23.06,24.02",1.5,2.3,8,0.1
43,2,"2,101","-3.140,0.500","7.500,3.000","8.131,3.041,5.283,5.313,5.345,5.378,5.413,5.450,5.489,5.529","-22.72,9.46,17.06,18.09,19.11,20.12,21.11,22.09,23.06,24.02",1.5,2.3,8,0.1
44,2,"2,101","-3.120,0.500","7.500,3.000","8.123,3.041,5.283,5.313,5.345,5.378,5.413,5.450,5.489,5.529","-22.59,9.46,17.06,18.09,19.11,20.12,21.11,22.09,23.06,24.02",1.5,2.3,8,0.1
45,2,"2,101","-3.100,0.500","7.500,3.000","8.115,3.041,5.283,5.313,5.345,5.378,5.413,5.450,5.489,5.529","-22.46,9.46,17.06,18.09,19.11,20.12,21.11,22.09,23.06,24.02",1.5,2.3,8,0.1
46,2,"2,101","-3.080,0.500","7.500,3.000","8.108,3.041,5.283,5.313,5.345,5.378,5.413,5.450,5.489,5.529","-22.33,9.46,17.06,18.09,19.11,20.12,21.11,22.09,23.06,24.02",1.5,2.3,8,0.1
47,2,"2,101","-3.060,0.500","7.500,3.000","8.100,3.041,5.283,5.313,5.345,5.378,5.413,5.450,5.489,5.529","-22.20,9.46,17.06,18.09,19.11,20.12,21.11,22.09,23.06,24.02",1.5,2.3,8,0.1
48,2,"2,101","-3.040,0.500","7.500,3.000","8.093,3.041,5.283,5.313,5.345,5.378,5.413,5.450,5.489,5.529","-22.06,9.46,17.06,18.09,19.11,20.12,21.11,22.09,23.06,24.02",1.5,2.3,8,0.1
49,2,"2,101","-3.020,0.500","7.500,3.000","8.085,3.041,5.283,5.313,5.345,5.378,5.413,5.450,5.489,5.529","-21.93,9.46,17.06,18.09,19.11,20.12,21.11,22.09,23.06,24.02",1.5,2.3,8,0.1
50,2,"2,101","-3.000,0.500","7.500,3.000","8.078,3.041,5.283,5.313,5.345,5.378,5.413,5.450,5.489,5.529","-21.80,9.46,17.06,18.09,19.11,20.12,21.11,22.09,23.06,24.02",1.5,2.3,8,0.1
51,2,"2,101","-2.980,0.500","7.500,3.000","8.070,3.041,5.283,5.313,5.345,5.378,5.413,5.450,5.489,5.529","-21.67,9.46,17.06,18.09,19.11,20.12,21.11,22.09,23.06,24.02",1.5,2.3,8,0.1
52,2,"2,101","-2.960,0.500","7.500,3.000","8.063,3.041,5.283,5.313,5.345,5.378,5.413,5.450,5.489,5.529","-21.54,9.46,17.06,18.09,19.11,20.12,21.11,22.09,23.06,24.02",1.5,2.3,8,0.1
53,2,"2,101","-2.940,0.500","7.500,3.000","8.056,3.041,5.283,5.313,5.345,5.378,5.413,5.450,5.489,5.529","-21.41,9.46,17.06,18.09,19.11,20.12,21.11,22.09,23.06,24.02",1.5,2.3,8,0.1
54,2,"2,101","-2.920,0.500","7.500,3.000","8.048,3.041,5.283,5.313,5.345,5.378,5.413,5.450,5.489,5.529","-21.27,9.46,17.06,18.09,19.11,20.12,21.11,22.09,23.06,24.02",1.5,2.3,8,0.1
55,2,"2,101","-2.900,0.500","7.500,3.000","8.041,3.041,5.283,5.313,5.345,5.378,5.413,5.450,5.489,5.529","-21.14,9.46,17.06,18.09,19.11,20.12,21.11,22.09,23.06,24.02",1.5,2.3,8,0.1
56,2,"2,101","-2.880,0.500","7.500,3.000","8.034,3.041,5.283,5.313,5.345,5.378,5.413,5.450,5.489,5.529","-21.01,9.46,17.06,18.09,19.11,20.12,21.11,22.09,23.06,24.02",1.5,2.3,8,0.1
57,2,"2,101","-2.860,0.500","7.500,3.000","8.027,3.041,5.283,5.313,5.345,5.378,5.413,5.450,5.489,5.529","-20.87,9.46,17.06,18.09,19.11,20.12,21.11,22.09,23.06,24.02",1.5,2.3,8,0.1
58,2,"2,101","-2.840,0.500","7.500,3.000","8.020,3.041,5.283,5.313,5.345,5.378,5.413,5.450,5.489,5.529","-20.74,9.46,17.06,18.09,19.11,20.12,21.11,22.09,23.06,24.02",1.5,2.3,8,0.1
59,2,"2,101","-2.820,0.500","7.500,3.000","8.013,3.041,5.283,5.313,5.345,5.378,5.413,5.450,5.489,5.529","-20.61,9.46,17.06,18.09,19.11,20.12,21.11,22.09,23.06,24.02",1.5,2.3,8,0.1
60,2,"2,101","-2.800,0.500","7.500,3.000","8.006,3.041,5.283,5.313,5.345,5.378,5.413,5.450,5.489,5.529","-20.47,9.46,17.06,18.09,19.11,20.12,21.11,22.09,23.06,24.02",1.5,2.3,8,0.1
61,2,"2,101","-2.780,0.500","7.500,3.000","7.999,3.041,5.283,5.313,5.345,5.378,5.413,5.450,5.489,5.529","-20.34,9.46,17.06,18.09,19.11,20.12,21.11,22.09,23.06,24.02",1.5,2.3,8,0.1
62,2,"2,101","-2.760,0.500","7.500,3.000","7.992,3.041,5.283,5.313,5.345,5.378,5.413,5.450,5.489,5.529","-20.20,9.46,17.06,18.09,19.11,20.12,21.11,22.09,23.06,24.02",1.5,2.3,8,0.1
63,2,"2,101","-2.740,0.500","7.500,3.000","7.985,3.041,5.283,5.313,5.345,5.378,5.413,5.450,5.489,5.529","-20.07,9.46,17.06,18.09,19.11,20.12,21.11,22.09,23.06,24.02",1.5,2.3,8,0.1
64,2,"2,101","-2.720,0.500","7.500,3.000","7.978,3.041,5.283,5.313,5.345,5.378,5.413,5.450,5.489,5.529","-19.93,9.46,17.06,18.09,19.11,20.12,21.11,22.09,23.06,24.02",1.5,2.3,8,0.1
65,2,"2,101","-2.700,0.500","7.500,3.000","7.971,3.041,5.283,5.313,5.345,5.378,5.413,5.450,5.489,5.529","-19.80,9.46,17.06,18.09,19.11,20.12,21.11,22.09,23.06,24.02",1.5,2.3,8,0.1
66,2,"2,101","-2.680,0.500","7.500,3.000","7.964,3.041,5.283,5.313,5.345,5.378,5.413,5.450,5.489,5.529","-19.66,9.46,17.06,18.09,19.11,20.12,21.11,22.09,23.06,24.02",1.5,2.3,8,0.1
67,2,"2,101","-2.660,0.500","7.500,3.000","7.958,3.041,5.283,5.313,5.345,5.378,5.413,5.450,5.489,5.529","-19.53,9.46,17.06,18.09,19.11,20.12,21.11,22.09,23.06,24.02",1.5,2.3,8,0.1
68,2,"2,101","-2.640,0.500","7.500,3.000","7.951,3.041,5.283,5.313,5.345,5.378,5.413,5.450,5.489,5.529","-19.39,9.46,17.06,18.09,19.11,20.12,21.11,22.09,23.06,24.02",1.5,2.3,8,0.1
69,2,"2,101","-2.620,0.500","7.500,3.000","7.944,3.041,5.283,5.313,5.345,5.378,5.413,5.450,5.489,5.529","-19.26,9.46,17.06,18.09,19.11,20.12,21.11,22.09,23.06,24.02",1.5,2.3,8,0.1
70,2,"2,101","-2.600,0.500","7.500,3.000","7.938,3.041,5.283,5.313,5.345,5.378,5.413,5.450,5.489,5.529","-19.12,9.46,17.06,18.09,19.11,20.12,21.11,22.09,23.06,24.02",1.5,2.3,8,0.1
71,2,"2,101","-2.580,0.500","7.500,3.000","7.931,3.041,5.283,5.313,5.345,5.378,5.413,5.450,5.489,5.529","-18.98,9.46,17.06,18.09,19.11,20.12,21.11,22.09,23.06,24.02",1.5,2.3,8,0.1
72,2,"2,101","-2.560,0.500","7.500,3.000","7.925,3.041,5.283,5.313,5.345,5.378,5.413,5.450,5.489,5.529","-18.85,9.46,17.06,18.09,19.11,20.12,21.11,22.09,23.06,24.02",1.5,2.3,8,0.1
73,2,"2,101","-2.540,0.500","7.500,3.000","7.918,3.041,5.283,5.313,5.345,5.378,5.413,5.450,5.489,5.529","-18.71,9.46,17.06,18.09,19.11,20.12,21.11,22.09,23.06,24.02",1.5,2.3,8,0.1
74,2,"2,101","-2.520,0.500","7.500,3.000","7.912,3.041,5.283,5.313,5.345,5.378,5.413,5.450,5.489,5.529","-18.57,9.46,17.06,18.09,19.11,20.12,21.11,22.09,23.06,24.02",1.5,2.3,8,0.1
75,2,"2,101","-2.500,0.500","7.500,3.000","7.906,3.041,5.283,5.313,5.345,5.378,5.413,5.450,5.489,5.529","-18.43,9.46,17.06,18.09,19.11,20.12,21.11,22.09,23.06,24.02",1.5,2.3,8,0.1
76,2,"2,101","-2.480,0.500","7.500,3.000","7.899,3.041,5.283,5.313,5.345,5.378,5.413,5.450,5.489,5.529","-18.30,9.46,17.06,18.09,19.11,20.12,21.11,22.09,23.06,24.02",1.5,2.3,8,0.1
77,2,"2,101","-2.460,0.500","7.500,3.000","7.893,3.041,5.283,5.313,5.345,5.378,5.413,5.450,5.489,5.529","-18.16,9.46,17.06,18.09,19.11,20.12,21.11,22.09,23.06,24.02",1.5,2.3,8,0.1
78,2,"2,101","-2.440,0.500","7.500,3.000","7.887,3.041,5.283,5.313,5.345,5.378,5.413,5.450,5.489,5.529","-18.02,9.46,17.06,18.09,19.11,20.12,21.11,22.09,23.06,24.02",1.5,2.3,8,0.1
79,2,"2,101","-2.420,0.500","7.500,3.000","7.881,3.041,5.283,5.313,5.345,5.378,5.413,5.450,5.489,5.529","-17.88,9.46,17.06,18.09,19.11,20.12,21.11,22.09,23.06,24.02",1.5,2.3,8,0.1
80,2,"2,101","-2.400,0.500","7.500,3.000","7.875,3.041,5.283,5.313,5.345,5.378,5.413,5.450,5.489,5.529","-17.74,9.46,17.06,18.09,19.11,20.12,21.11,22.09,23.06,24.02",1.5,2.3,8,0.1
81,2,"2,101","-2.380,0.500","7.500,3.000","7.869,3.041,5.283,5.313,5.345,5.378,5.413,5.450,5.489,5.529","-17.61,9.46,17.06,18.09,19.11,20.12,21.11,22.09,23.06,24.02",1.5,2.3,8,0.1
82,2,"2,101","-2.360,0.500","7.500,3.000","7.863,3.041,5.283,5.313,5.345,5.378,5.413,5.450,5.489,5.529","-17.47,9.46,17.06,18.09,19.11,20.12,21.11,22.09,23.06,24.02",1.5,2.3,8,0.1
83,2,"2,101","-2.340,0.500","7.500,3.000","7.857,3.041,5.283,5.313,5.345,5.378,5.413,5.450,5.489,5.529","-17.33,9.46,17.06,18.09,19.11,20.12,21.11,22.09,23.06,24.02",1.5,2.3,8,0.1
84,2,"2,101","-2.320,0.500","7.500,3.000","7.851,3.041,5.283,5.313,5.345,5.378,5.413,5.450,5.489,5.529","-17.19,9.46,17.06,18.09,19.11,20.12,21.11,22.09,23.06,24.02",1.5,2.3,8,0.1
85,2,"2,101","-2.300,0.500","7.500,3.000","7.845,3.041,5.283,5.313,5.345,5.378,5.413,5.450,5.489,5.529","-17.05,9.46,17.06,18.09,19.11,20.12,21.11,22.09,23.06,24.02",1.5,2.3,8,0.1
86,2,"2,101","-2.280,0.500","7.500,3.000","7.839,3.041,5.283,5.313,5.345,5.378,5.413,5.450,5.489,5.529","-16.91,9.46,17.06,18.09,19.11,20.12,21.11,22.09,23.06,24.02",1.5,2.3,8,0.1
87,2,"2,101","-2.260,0.500","7.500,3.000","7.833,3.041,5.283,5.313,5.345,5.378,5.413,5.450,5.489,5.529","-16.77,9.46,17.06,18.09,19.11,20.12,21.11,22.09,23.06,24.02",1.5,2.3,8,0.1
88,2,"2,101","-2.240,0.500","7.500,3.000","7.827,3.041,5.283,5.313,5.345,5.378,5.413,5.450,5.489,5.529","-16.63,9.46,17.06,18.09,19.11,20.12,21.11,22.09,23.06,24.02",1.5,2.3,8,0.1
89,2,"2,101","-2.220,0.500","7.500,3.000","7.822,3.041,5.283,5.313,5.345,5.378,5.413,5.450,5.489,5.529","-16.49,9.46,17.06,18.09,19.11,20.12,21.11,22.09,23.06,24.02",1.5,2.3,8,0.1
90,2,"2,101","-2.200,0.500","7.500,3.000","7.816,3.041,5.283,5.313,5.345,5.378,5.413,5.450,5.489,5.529","-16.35,9.46,17.06,18.09,19.11,20.12,21.11,22.09,23.06,24.02",1.5,2.3,8,0.1
91,2,"2,101","-2.180,0.500","7.500,3.000","7.810,3.041,5.283,5.313,5.345,5.378,5.413,5.450,5.489,5.529","-16.21,9.46,17.06,18.09,19.11,20.12,21.11,22.09,23.06,24.02",1.5,2.3,8,0.1
92,2,"2,101","-2.160,0.500","7.500,3.000","7.805,3.041,5.283,5.313,5.345,5.378,5.413,5.450,5.489,5.529","-16.07,9.46,17.06,18.09,19.11,20.12,21.11,22.09,23.06,24.02",1.5,2.3,8,0.1
93,2,"2,101","-2.140,0.500","7.500,3.000","7.799,3.041,5.283,5.313,5.345,5.378,5.413,5.450,5.489,5.529","-15.93,9.46,17.06,18.09,19.11,20.12,21.11,22.09,23.06,24.02",1.5,2.3,8,0.1
94,2,"2,101","-2.120,0.500","7.500,3.000","7.794,3.041,5.283,5.313,5.345,5.378,5.413,5.450,5.489,5.529","-15.78,9.46,17.06,18.09,19.11,20.12,21.11,22.09,23.06,24.02",1.5,2.3,8,0.1
95,2,"2,101","-2.100,0.500","7.500,3.000","7.788,3.041,5.283,5.313,5.345,5.378,5.413,5.450,5.489,5.529","-15.64,9.46,17.06,18.09,19.11,20.12,21.11,22.09,23.06,24.02",1.5,2.3,8,0.1
96,2,"2,101","-2.080,0.500","7.500,3.000","7.783,3.041,5.283,5.313,5.345,5.378,5.413,5.450,5.489,5.529","-15.50,9.46,17.06,18.09,19.11,20.12,21.11,22.09,23.06,24.02",1.5,2.3,8,0.1
97,2,"2,101","-2.060,0.500","7.500,3.000","7.778,3.041,5.283,5.313,5.345,5.378,5.413,5.450,5.489,5.529","-15.36,9.46,17.06,18.09,19.11,20.12,21.11,22.09,23.06,24.02",1.5,2.3,8,0.1
98,2,"2,101","-2.040,0.500","7.500,3.000","7.772,3.041,5.283,5.313,5.345,5.378,5.413,5.450,5.489,5.529","-15.22,9.46,17.06,18.09,19.11,20.12,21.11,22.09,23.06,24.02",1.5,2.3,8,0.1
99,2,"2,101","-2.020,0.500","7.500,3.000","7.767,3.041,5.283,5.313,5.345,5.378,5.413,5.450,5.489,5.529","-15.07,9.46,17.06,18.09,19.11,20.12,21.11,22.09,23.06,24.02",1.5,2.3,8,0.1
100,2,"2,101","-2.000,0.500","7.500,3.000","7.762,3.041,5.283,5.313,5.345,5.378,5.413,5.450,5.489,5.529","-14.93,9.46,17.06,18.09,19.11,20.12,21.11,22.09,23.06,24.02",1.5,2.3,8,0.1
101,2,"2,101","-1.980,0.500","7.500,3.000","7.757,3.041,5.283,5.313,5.345,5.378,5.413,5.450,5.489,5.529","-14.79,9.46,17.06,18.09,19.11,20.12,21.11,22.09,23.06,24.02",1.5,2.3,8,0.1
102,2,"2,101","-1.960,0.500","7.500,3.000","7.752,3.041,5.283,5.313,5.345,5.378,5.413,5.450,5.489,5.529","-14.65,9.46,17.06,18.09,19.11,20.12,21.11,22.09,23.06,24.02",1.5,2.3,8,0.1
103,2,"2,101","-1.940,0.500","7.500,3.000","7.747,3.041,5.283,5.313,5.345,5.378,5.413,5.450,5.489,5.529","-14.50,9.46,17.06,18.09,19.11,20.12,21.11,22.09,23.06,24.02",1.5,2.3,8,0.1
104,2,"2,101","-1.920,0.500","7.500,3.000","7.742,3.041,5.283,5.313,5.345,5.378,5.413,5.450,5.489,5.529","-14.36,9.46,17.06,18.09,19.11,20.12,21.11,22.09,23.06,24.02",1.5,2.3,8,0.1
105,2,"2,101","-1.900,0.500","7.500,3.000","7.737,3.041,5.283,5.313,5.345,5.378,5.413,5.450,5.489,5.529","-14.22,9.46,17.06,18.09,19.11,20.12,21.11,22.09,23.06,24.02",1.5,2.3,8,0.1
106,2,"2,101","-1.880,0.500","7.500,3.000","7.732,3.041,5.283,5.313,5.345,5.378,5.413,5.450,5.489,5.529","-14.07,9.46,17.06,18.09,19.11,20.12,21.11,22.09,23.06,24.02",1.5,2.3,8,0.1
107,2,"2,101","-1.860,0.500","7.500,3.000","7.727,3.041,5.283,5.313,5.345,5.378,5.413,5.450,5.489,5.529","-13.93,9.46,17.06,18.09,19.11,20.12,21.11,22.09,23.06,24.02",1.5,2.3,8,0.1
108,2,"2,101","-1.840,0.500","7.500,3.000","7.722,3.041,5.283,5.313,5.345,5.378,5.413,5.450,5.489,5.529","-13.78,9.46,17.06,18.09,19.11,20.12,21.11,22.09,23.06,24.02",1.5,2.3,8,0.1
109,2,"2,101","-1.820,0.500","7.500,3.000","7.718,3.041,5.283,5.313,5.345,5.378,5.413,5.450,5.489,5.529","-13.64,9.46,17.06,18.09,19.11,20.12,21.11,22.09,23.06,24.02",1.5,2.3,8,0.1
110,2,"2,101","-1.800,0.500","7.500,3.000","7.713,3.041,5.283,5.313,5.345,5.378,5.413,5.450,5.489,5.529","-13.50,9.46,17.06,18.09,19.11,20.12,21.11,22.09,23.06,24.02",1.5,2.3,8,0.1
111,2,"2,101","-1.780,0.500","7.500,3.000","7.708,3.041,5.283,5.313,5.345,5.378,5.413,5.450,5.489,5.529","-13.35,9.46,17.06,18.09,19.11,20.12,21.11,22.09,23.06,24.02",1.5,2.3,8,0.1
112,2,"2,101","-1.760,0.500","7.500,3.000","7.704,3.041,5.283,5.313,5.345,5.378,5.413,5.450,5.489,5.529","-13.21,9.46,17.06,18.09,19.11,20.12,21.11,22.09,23.06,24.02",1.5,2.3,8,0.1
113,2,"2,101","-1.740,0.500","7.500,3.000","7.699,3.041,5.283,5.313,5.345,5.378,5.413,5.450,5.489,5.529","-13.06,9.46,17.06,18.09,19.11,20.12,21.11,22.09,23.06,24.02",1.5,2.3,8,0.1
114,2,"2,101","-1.720,0.500","7.500,3.000","7.695,3.041,5.283,5.313,5.345,5.378,5.413,5.450,5.489,5.529","-12.92,9.46,17.06,18.09,19.11,20.12,21.11,22.09,23.06,24.02",1.5,2.3,8,0.1
115,2,"2,101","-1.700,0.500","7.500,3.000","7.690,3.041,5.283,5.313,5.345,5.378,5.413,5.450,5.489,5.529","-12.77,9.46,17.06,18.09,19.11,20.12,21.11,22.09,23.06,24.02",1.5,2.3,8,0.1
116,2,"2,101","-1.680,0.500","7.500,3.000","7.686,3.041,5.283,5.313,5.345,5.378,5.413,5.450,5.489,5.529","-12.63,9.46,17.06,18.09,19.11,20.12,21.11,22.09,23.06,24.02",1.5,2.3,8,0.1
117,2,"2,101","-1.660,0.500","7.500,3.000","7.682,3.041,5.283,5.313,5.345,5.378,5.413,5.450,5.489,5.529","-12.48,9.46,17.06,18.09,19.11,20.12,21.11,22.09,23.06,24.02",1.5,2.3,8,0.1
118,2,"2,101","-1.640,0.500","7.500,3.000","7.677,3.041,5.283,5.313,5.345,5.378,5.413,5.450,5.489,5.529","-12.33,9.46,17.06,18.09,19.11,20.12,21.11,22.09,23.06,24.02",1.5,2.3,8,0.1
119,2,"2,101","-1.620,0.500","7.500,3.000","7.673,3.041,5.283,5.313,5.345,5.378,5.413,5.450,5.489,5.529","-12.19,9.46,17.06,18.09,19.11,20.12,21.11,22.09,23.06,24.02",1.5,2.3,8,0.1
120,2,"2,101","-1.600,0.500","7.500,3.000","7.669,3.041,5.283,5.313,5.345,5.378,5.413,5.450,5.489,5.529","-12.04,9.46,17.06,18.09,19.11,20.12,21.11,22.09,23.06,24.02",1.5,2.3,8,0.1
121,2,"2,101","-1.580,0.500","7.500,3.000","7.665,3.041,5.283,5.313,5.345,5.378,5.413,5.450,5.489,5.529","-11.90,9.46,17.06,18.09,19.11,20.12,21.11,22.09,23.06,24.02",1.5,2.3,8,0.1
122,2,"2,101","-1.560,0.500","7.500,3.000","7.661,3.041,5.283,5.313,5.345,5.378,5.413,5.450,5.489,5.529","-11.75,9.46,17.06,18.09,19.11,20.12,21.11,22.09,23.06,24.02",1.5,2.3,8,0.1
123,2,"2,101","-1.540,0.500","7.500,3.000","7.656,3.041,5.283,5.313,5.345,5.378,5.413,5.450,5.489,5.529","-11.60,9.46,17.06,18.09,19.11,20.12,21.11,22.09,23.06,24.02",1.5,2.3,8,0.1
124,2,"2,101","-1.520,0.500","7.500,3.000","7.652,3.041,5.283,5.313,5.345,5.378,5.413,5.450,5.489,5.529","-11.46,9.46,17.06,18.09,19.11,20.12,21.11,22.09,23.06,24.02",1.5,2.3,8,0.1
125,2,"2,101","-1.500,0.500","7.500,3.000","7.649,3.041,5.283,5.313,5.345,5.378,5.413,5.450,5.489,5.529","-11.31,9.46,17.06,18.09,19.11,20.12,21.11,22.09,23.06,24.02",1.5,2.3,8,0.1
126,2,"2,101","-1.480,0.500","7.500,3.000","7.645,3.041,5.283,5.313,5.345,5.378,5.413,5.450,5.489,5.529","-11.16,9.46,17.06,18.09,19.11,20.12,21.11,22.09,23.06,24.02",1.5,2.3,8,0.1
127,2,"2,101","-1.460,0.500","7.500,3.000","7.641,3.041,5.283,5.313,5.345,5.378,5.413,5.450,5.489,5.529","-11.02,9.46,17.06,18.09,19.11,20.12,21.11,22.09,23.06,24.02",1.5,2.3,8,0.1
128,2,"2,101","-1.440,0.500","7.500,3.000","7.637,3.041,5.283,5.313,5.345,5.378,5.413,5.450,5.489,5.529","-10.87,9.46,17.06,18.09,19.11,20.12,21.11,22.09,23.06,24.02",1.5,2.3,8,0.1
129,2,"2,101","-1.420,0.500","7.500,3.000","7.633,3.041,5.283,5.313,5.345,5.378,5.413,5.450,5.489,5.529","-10.72,9.46,17.06,18.09,19.11,20.12,21.11,22.09,23.06,24.02",1.5,2.3,8,0.1
130,2,"2,101","-1.400,0.500","7.500,3.000","7.630,3.041,5.283,5.313,5.345,5.378,5.413,5.450,5.489,5.529","-10.57,9.46,17.06,18.09,19.11,20.12,21.11,22.09,23.06,24.02",1.5,2.3,8,0.1
131,2,"2,101","-1.380,0.500","7.500,3.000","7.626,3.041,5.283,5.313,5.345,5.378,5.413,5.450,5.489,5.529","-10.43,9.46,17.06,18.09,19.11,20.12,21.11,22.09,23.06,24.02",1.5,2.3,8,0.1
132,2,"2,101","-1.360,0.500","7.500,3.000","7.622,3.041,5.283,5.313,5.345,5.378,5.413,5.450,5.489,5.529","-10.28,9.46,17.06,18.09,19.11,20.12,21.11,22.09,23.06,24.02",1.5,2.3,8,0.1
133,2,"2,101","-1.340,0.500","7.500,3.000","7.619,3.041,5.283,5.313,5.345,5.378,5.413,5.450,5.489,5.529","-10.13,9.46,17.06,18.09,19.11,20.12,21.11,22.09,23.06,24.02",1.5,2.3,8,0.1
134,2,"2,101","-1.320,0.500","7.500,3.000","7.615,3.041,5.283,5.313,5.345,5.378,5.413,5.450,5.489,5.529","-9.98,9.46,17.06,18.09,19.11,20.12,21.11,22.09,23.06,24.02",1.5,2.3,8,0.1
135,2,"2,101","-1.300,0.500","7.500,3.000","7.612,3.041,5.283,5.313,5.345,5.378,5.413,5.450,5.489,5.529","-9.83,9.46,17.06,18.09,19.11,20.12,21.11,22.09,23.06,24.02",1.5,2.3,8,0.1
136,2,"2,101","-1.280,0.500","7.500,3.000","7.608,3.041,5.283,5.313,5.345,5.378,5.413,5.450,5.489,5.529","-9.69,9.46,17.06,18.09,19.11,20.12,21.11,22.09,23.06,24.02",1.5,2.3,8,0.1
137,2,"2,101","-1.260,0.500","7.500,3.000","7.605,3.041,5.283,5.313,5.345,5.378,5.413,5.450,5.489,5.529","-9.54,9.46,17.06,18.09,19.11,20.12,21.11,22.09,23.06,24.02",1.5,2.3,8,0.1
138,2,"2,101","-1.240,0.500","7.500,3.000","7.602,3.041,5.283,5.313,5.345,5.378,5.413,5.450,5.489,5.529","-9.39,9.46,17.06,18.09,19.11,20.12,21.11,22.09,23.06,24.02",1.5,2.3,8,0.1
139,2,"2,101","-1.220,0.500","7.500,3.000","7.599,3.041,5.283,5.313,5.345,5.378,5.413,5.450,5.489,5.529","-9.24,9.46,17.06,18.09,19.11,20.12,21.11,22.09,23.06,24.02",1.5,2.3,8,0.1
140,2,"2,101","-1.200,0.500","7.500,3.000","7.595,3.041,5.283,5.313,5.345,5.378,5.413,5.450,5.489,5.529","-9.09,9.46,17.06,18.09,19.11,20.12,21.11,22.09,23.06,24.02",1.5,2.3,8,0.1
141,2,"2,101","-1.180,0.500","7.500,3.000","7.592,3.041,5.283,5.313,5.345,5.378,5.413,5.450,5.489,5.529","-8.94,9.46,17.06,18.09,19.11,20.12,21.11,22.09,23.06,24.02",1.5,2.3,8,0.1
142,2,"2,101","-1.160,0.500","7.500,3.000","7.589,3.041,5.283,5.313,5.345,5.378,5.413,5.450,5.489,5.529","-8.79,9.46,17.06,18.09,19.11,20.12,21.11,22.09,23.06,24.02",1.5,2.3,8,0.1
143,2,"2,101","-1.140,0.500","7.500,3.000","7.586,3.041,5.283,5.313,5.345,5.378,5.413,5.450,5.489,5.529","-8.64,9.46,17.06,18.09,19.11,20.12,21.11,22.09,23.06,24.02",1.5,2.3,8,0.1
144,2,"2,101","-1.120,0.500","7.500,3.000","7.583,3.041,5.283,5.313,5.345,5.378,5.413,5.450,5.489,5.529","-8.49,9.46,17.06,18.09,19.11,20.12,21.11,22.09,23.06,24.02",1.5,2.3,8,0.1
145,2,"2,101","-1.100,0.500","7.500,3.000","7.580,3.041,5.283,5.313,5.345,5.378,5.413,5.450,5.489,5.529","-8.34,9.46,17.06,18.09,19.11,20.12,21.11,22.09,23.06,24.02",1.5,2.3,8,0.1
146,2,"2,101","-1.080,0.500","7.500,3.000","7.577,3.041,5.283,5.313,5.345,5.378,5.413,5.450,5.489,5.529","-8.19,9.46,17.06,18.09,19.11,20.12,21.11,22.09,23.06,24.02",1.5,2.3,8,0.1
147,2,"2,101","-1.060,0.500","7.500,3.000","7.575,3.041,5.283,5.313,5.345,5.378,5.413,5.450,5.489,5.529","-8.04,9.46,17.06,18.09,19.11,20.12,21.11,22.09,23.06,24.02",1.5,2.3,8,0.1
148,2,"2,101","-1.040,0.500","7.500,3.000","7.572,3.041,5.283,5.313,5.345,5.378,5.413,5.450,5.489,5.529","-7.89,9.46,17.06,18.09,19.11,20.12,21.11,22.09,23.06,24.02",1.5,2.3,8,0.1
149,2,"2,101","-1.020,0.500","7.500,3.000","7.569,3.041,5.283,5.313,5.345,5.378,5.413,5.450,5.489,5.529","-7.74,9.46,17.06,18.09,19.11,20.12,21.11,22.09,23.06,24.02",1.5,2.3,8,0.1
150,2,"2,101","-1.000,0.500","7.500,3.000","7.566,3.041,5.283,5.313,5.345,5.378,5.413,5.450,5.489,5.529","-7.59,9.46,17.06,18.09,19.11,20.12,21.11,22.09,23.06,24.02",1.5,2.3,8,0.1
151,2,"2,101","-0.980,0.500","7.500,3.000","7.564,3.041,5.283,5.313,5.345,5.378,5.413,5.450,5.489,5.529","-7.44,9.46,17.06,18.09,19.11,20.12,21.11,22.09,23.06,24.02",1.5,2.3,8,0.1
152,2,"2,101","-0.960,0.500","7.500,3.000","7.561,3.041,5.283,5.313,5.345,5.378,5.413,5.450,5.489,5.529","-7.29,9.46,17.06,18.09,19.11,20.12,21.11,22.09,23.06,24.02",1.5,2.3,8,0.1
153,2,"2,101","-0.940,0.500","7.500,3.000","7.559,3.041,5.283,5.313,5.345,5.378,5.413,5.450,5.489,5.529","-7.14,9.46,17.06,18.09,19.11,20.12,21.11,22.09,23.06,24.02",1.5,2.3,8,0.1
154,2,"2,101","-0.920,0.500","7.500,3.000","7.556,3.041,5.283,5.313,5.345,5.378,5.413,5.450,5.489,5.529","-6.99,9.46,17.06,18.09,19.11,20.12,21.11,22.09,23.06,24.02",1.5,2.3,8,0.1
155,2,"2,101","-0.900,0.500","7.500,3.000","7.554,3.041,5.283,5.313,5.345,5.378,5.413,5.450,5.489,5.529","-6.84,9.46,17.06,18.09,19.11,20.12,21.11,22.09,23.06,24.02",1.5,2.3,8,0.1
156,2,"2,101","-0.880,0.500","7.500,3.000","7.551,3.041,5.283,5.313,5.345,5.378,5.413,5.450,5.489,5.529","-6.69,9.46,17.06,18.09,19.11,20.12,21.11,22.09,23.06,24.02",1.5,2.3,8,0.1
157,2,"2,101","-0.860,0.500","7.500,3.000","7.549,3.041,5.283,5.313,5.345,5.378,5.413,5.450,5.489,5.529","-6.54,9.46,17.06,18.09,19.11,20.12,21.11,22.09,23.06,24.02",1.5,2.3,8,0.1
158,2,"2,101","-0.840,0.500","7.500,3.000","7.547,3.041,5.283,5.313,5.345,5.378,5.413,5.450,5.489,5.529","-6.39,9.46,17.06,18.09,19.11,20.12,21.11,22.09,23.06,24.02",1.5,2.3,8,0.1
159,2,"2,101","-0.820,0.500","7.500,3.000","7.545,3.041,5.283,5.313,5.345,5.378,5.413,5.450,5.489,5.529","-6.24,9.46,17.06,18.09,19.11,20.12,21.11,22.09,23.06,24.02",1.5,2.3,8,0.1
160,2,"2,101","-0.800,0.500","7.500,3.000","7.543,3.041,5.283,5.313,5.345,5.378,5.413,5.450,5.489,5.529","-6.09,9.46,17.06,18.09,19.11,20.12,21.11,22.09,23.06,24.02",1.5,2.3,8,0.1
161,2,"2,101","-0.780,0.500","7.500,3.000","7.540,3.041,5.283,5.313,5.345,5.378,5.413,5.450,5.489,5.529","-5.94,9.46,17.06,18.09,19.11,20.12,21.11,22.09,23.06,24.02",1.5,2.3,8,0.1
162,2,"2,101","-0.760,0.500","7.500,3.000","7.538,3.041,5.283,5.313,5.345,5.378,5.413,5.450,5.489,5.529","-5.79,9.46,17.06,18.09,19.11,20.12,21.11,22.09,23.06,24.02",1.5,2.3,8,0.1
163,2,"2,101","-0.740,0.500","7.500,3.000","7.536,3.041,5.283,5.313,5.345,5.378,5.413,5.450,5.489,5.529","-5.63,9.46,17.06,18.09,19.11,20.12,21.11,22.09,23.06,24.02",1.5,2.3,8,0.1
164,2,"2,101","-0.720,0.500","7.500,3.000","7.534,3.041,5.283,5.313,5.345,5.378,5.413,5.450,5.489,5.529","-5.48,9.46,17.06,18.09,19.11,20.12,21.11,22.09,23.06,24.02",1.5,2.3,8,0.1
165,2,"2,101","-0.700,0.500","7.500,3.000","7.533,3.041,5.283,5.313,5.345,5.378,5.413,5.450,5.489,5.529","-5.33,9.46,17.06,18.09,19.11,20.12,21.11,22.09,23.06,24.02",1.5,2.3,8,0.1
166,2,"2,101","-0.680,0.500","7.500,3.000","7.531,3.041,5.283,5.313,5.345,5.378,5.413,5.450,5.489,5.529","-5.18,9.46,17.06,18.09,19.11,20.12,21.11,22.09,23.06,24.02",1.5,2.3,8,0.1
167,2,"2,101","-0.660,0.500","7.500,3.000","7.529,3.041,5.283,5.313,5.345,5.378,5.413,5.450,5.489,5.529","-5.03,9.46,17.06,18.09,19.11,20.12,21.11,22.09,23.06,24.02",1.5,2.3,8,0.1
168,2,"2,101","-0.640,0.500","7.500,3.000","7.527,3.041,5.283,5.313,5.345,5.378,5.413,5.450,5.489,5.529","-4.88,9.46,17.06,18.09,19.11,20.12,21.11,22.09,23.06,24.02",1.5,2.3,8,0.1
169,2,"2,101","-0.620,0.500","7.500,3.000","7.526,3.041,5.283,5.313,5.345,5.378,5.413,5.450,5.489,5.529","-4.73,9.46,17.06,18.09,19.11,20.12,21.11,22.09,23.06,24.02",1.5,2.3,8,0.1
170,2,"2,101","-0.600,0.500","7.500,3.000","7.524,3.041,5.283,5.313,5.345,5.378,5.413,5.450,5.489,5.529","-4.57,9.46,17.06,18.09,19.11,20.12,21.11,22.09,23.06,24.02",1.5,2.3,8,0.1
171,2,"2,101","-0.580,0.500","7.500,3.000","7.522,3.041,5.283,5.313,5.345,5.378,5.413,5.450,5.489,5.529","-4.42,9.46,17.06,18.09,19.11,20.12,21.11,22.09,23.06,24.02",1.5,2.3,8,0.1
172,2,"2,101","-0.560,0.500","7.500,3.000","7.521,3.041,5.283,5.313,5.345,5.378,5.413,5.450,5.489,5.529","-4.27,9.46,17.06,18.09,19.11,20.12,21.11,22.09,23.06,24.02",1.5,2.3,8,0.1
173,2,"2,101","-0.540,0.500","7.500,3.000","7.519,3.041,5.283,5.313,5.345,5.378,5.413,5.450,5.489,5.529","-4.12,9.46,17.06,18.09,19.11,20.12,21.11,22.09,23.06,24.02",1.5,2.3,8,0.1
174,2,"2,101","-0.520,0.500","7.500,3.000","7.518,3.041,5.283,5.313,5.345,5.378,5.413,5.450,5.489,5.529","-3.97,9.46,17.06,18.09,19.11,20.12,21.11,22.09,23.06,24.02",1.5,2.3,8,0.1
175,2,"2,101","-0.500,0.500","7.500,3.000","7.517,3.041,5.283,5.313,5.345,5.378,5.413,5.450,5.489,5.529","-3.81,9.46,17.06,18.09,19.11,20.12,21.11,22.09,23.06,24.02",1.5,2.3,8,0.1
176,2,"2,101","-0.480,0.500","7.500,3.000","7.515,3.041,5.283,5.313,5.345,5.378,5.413,5.450,5.489,5.529","-3.66,9.46,17.06,18.09,19.11,20.12,21.11,22.09,23.06,24.02",1.5,2.3,8,0.1
177,2,"2,101","-0.460,0.500","7.500,3.000","7.514,3.041,5.283,5.313,5.345,5.378,5.413,5.450,5.489,5.529","-3.51,9.46,17.06,18.09,19.11,20.12,21.11,22.09,23.06,24.02",1.5,2.3,8,0.1
178,2,"2,101","-0.440,0.500","7.500,3.000","7.513,3.041,5.283,5.313,5.345,5.378,5.413,5.450,5.489,5.529","-3.36,9.46,17.06,18.09,19.11,20.12,21.11,22.09,23.06,24.02",1.5,2.3,8,0.1
179,2,"2,101","-0.420,0.500","7.500,3.000","7.512,3.041,5.283,5.313,5.345,5.378,5.413,5.450,5.489,5.529","-3.21,9.46,17.06,18.09,19.11,20.12,21.11,22.09,23.06,24.02",1.5,2.3,8,0.1
180,2,"2,101","-0.400,0.500","7.500,3.000","7.511,3.041,5.283,5.313,5.345,5.378,5.413,5.450,5.489,5.529","-3.05,9.46,17.06,18.09,19.11,20.12,21.11,22.09,23.06,24.02",1.5,2.3,8,0.1
181,2,"2,101","-0.380,0.500","7.500,3.000","7.510,3.041,5.283,5.313,5.345,5.378,5.413,5.450,5.489,5.529","-2.90,9.46,17.06,18.09,19.11,20.12,21.11,22.09,23.06,24.02",1.5,2.3,8,0.1
182,2,"2,101","-0.360,0.500","7.500,3.000","7.509,3.041,5.283,5.313,5.345,5.378,5.413,5.450,5.489,5.529","-2.75,9.46,17.06,18.09,19.11,20.12,21.11,22.09,23.06,24.02",1.5,2.3,8,0.1
183,2,"2,101","-0.340,0.500","7.500,3.000","7.508,3.041,5.283,5.313,5.345,5.378,5.413,5.450,5.489,5.529","-2.60,9.46,17.06,18.09,19.11,20.12,21.11,22.09,23.06,24.02",1.5,2.3,8,0.1
184,2,"2,101","-0.320,0.500","7.500,3.000","7.507,3.041,5.283,5.313,5.345,5.378,5.413,5.450,5.489,5.529","-2.44,9.46,17.06,18.09,19.11,20.12,21.11,22.09,23.06,24.02",1.5,2.3,8,0.1
185,2,"2,101","-0.300,0.500","7.500,3.000","7.506,3.041,5.283,5.313,5.345,5.378,5.413,5.450,5.489,5.529","-2.29,9.46,17.06,18.09,19.11,20.12,21.11,22.09,23.06,24.02",1.5,2.3,8,0.1
186,2,"2,101","-0.280,0.500","7.500,3.000","7.505,3.041,5.283,5.313,5.345,5.378,5.413,5.450,5.489,5.529","-2.14,9.46,17.06,18.09,19.11,20.12,21.11,22.09,23.06,24.02",1.5,2.3,8,0.1
187,2,"2,101","-0.260,0.500","7.500,3.000","7.505,3.041,5.283,5.313,5.345,5.378,5.413,5.450,5.489,5.529","-1.99,9.46,17.06,18.09,19.11,20.12,21.11,22.09,23.06,24.02",1.5,2.3,8,0.1
188,2,"2,101","-0.240,0.500","7.500,3.000","7.504,3.041,5.283,5.313,5.345,5.378,5.413,5.450,5.489,5.529","-1.83,9.46,17.06,18.09,19.11,20.12,21.11,22.09,23.06,24.02",1.5,2.3,8,0.1
189,2,"2,101","-0.220,0.500","7.500,3.000","7.503,3.041,5.283,5.313,5.345,5.378,5.413,5.450,5.489,5.529","-1.68,9.46,17.06,18.09,19.11,20.12,21.11,22.09,23.06,24.02",1.5,2.3,8,0.1
190,2,"2,101","-0.200,0.500","7.500,3.000","7.503,3.041,5.283,5.313,5.345,5.378,5.413,5.450,5.489,5.529","-1.53,9.46,17.06,18.09,19.11,20.12,21.11,22.09,23.06,24.02",1.5,2.3,8,0.1
191,2,"2,101","-0.180,0.500","7.500,3.000","7.502,3.041,5.283,5.313,5.345,5.378,5.413,5.450,5.489,5.529","-1.37,9.46,17.06,18.09,19.11,20.12,21.11,22.09,23.06,24.02",1.5,2.3,8,0.1
192,2,"2,101","-0.160,0.500","7.500,3.000","7.502,3.041,5.283,5.313,5.345,5.378,5.413,5.450,5.489,5.529","-1.22,9.46,17.06,18.09,19.11,20.12,21.11,22.09,23.06,24.02",1.5,2.3,8,0.1
193,2,"2,101","-0.140,0.500","7.500,3.000","7.501,3.041,5.283,5.313,5.345,5.378,5.413,5.450,5.489,5.529","-1.07,9.46,17.06,18.09,19.11,20.12,21.11,22.09,23.06,24.02",1.5,2.3,8,0.1
194,2,"2,101","-0.120,0.500","7.500,3.000","7.501,3.041,5.283,5.313,5.345,5.378,5.413,5.450,5.489,5.529","-0.92,9.46,17.06,18.09,19.11,20.12,21.11,22.09,23.06,24.02",1.5,2.3,8,0.1
195,2,"2,101","-0.100,0.500","7.500,3.000","7.501,3.041,5.283,5.313,5.345,5.378,5.413,5.450,5.489,5.529","-0.76,9.46,17.06,18.09,19.11,20.12,21.11,22.09,23.06,24.02",1.5,2.3,8,0.1
196,2,"2,101","-0.080,0.500","7.500,3.000","7.500,3.041,5.283,5.313,5.345,5.378,5.413,5.450,5.489,5.529","-0.61,9.46,17.06,18.09,19.11,20.12,21.11,22.09,23.06,24.02",1.5,2.3,8,0.1
197,2,"2,101","-0.060,0.500","7.500,3.000","7.500,3.041,5.283,5.313,5.345,5.378,5.413,5.450,5.489,5.529","-0.46,9.46,17.06,18.09,19.11,20.12,21.11,22.09,23.06,24.02",1.5,2.3,8,0.1
198,2,"2,101","-0.040,0.500","7.500,3.000","7.500,3.041,5.283,5.313,5.345,5.378,5.413,5.450,5.489,5.529","-0.31,9.46,17.06,18.09,19.11,20.12,21.11,22.09,23.06,24.02",1.5,2.3,8,0.1
199,2,"2,101","-0.020,0.500","7.500,3.000","7.500,3.041,5.283,5.313,5.345,5.378,5.413,5.450,5.489,5.529","-0.15,9.46,17.06,18.09,19.11,20.12,21.11,22.09,23.06,24.02",1.5,2.3,8,0.1
200,2,"2,101","0.000,0.500","7.500,3.000","7.500,3.041,5.283,5.313,5.345,5.378,5.413,5.450,5.489,5.529","0.00,9.46,17.06,18.09,19.11,20.12,21.11,22.09,23.06,24.02",1.5,2.3,8,0.1
201,2,"2,101","0.020,0.500","7.500,3.000","7.500,3.041,5.283,5.313,5.345,5.378,5.413,5.450,5.489,5.529","0.15,9.46,17.06,18.09,19.11,20.12,21.11,22.09,23.06,24.02",1.5,2.3,8,0.1
202,2,"2,101","0.040,0.500","7.500,3.000","7.500,3.041,5.283,5.313,5.345,5.378,5.413,5.450,5.489,5.529","0.31,9.46,17.06,18.09,19.11,20.12,21.11,22.09,23.06,24.02",1.5,2.3,8,0.1
203,2,"2,101","0.060,0.500","7.500,3.000","7.500,3.041,5.283,5.313,5.345,5.378,5.413,5.450,5.489,5.529","0.46,9.46,17.06,18.09,19.11,20.12,21.11,22.09,23.06,24.02",1.5,2.3,8,0.1
204,2,"2,101","0.080,0.500","7.500,3.000","7.500,3.041,5.283,5.313,5.345,5.378,5.413,5.450,5.489,5.529","0.61,9.46,17.06,18.09,19.11,20.12,21.11,22.09,23.06,24.02",1.5,2.3,8,0.1
205,2,"2,101","0.100,0.500","7.500,3.000","7.501,3.041,5.283,5.313,5.345,5.378,5.413,5.450,5.489,5.529","0.76,9.46,17.06,18.09,19.11,20.12,21.11,22.09,23.06,24.02",1.5,2.3,8,0.1
206,2,"2,101","0.120,0.500","7.500,3.000","7.501,3.041,5.283,5.313,5.345,5.378,5.413,5.450,5.489,5.529","0.92,9.46,17.06,18.09,19.11,20.12,21.11,22.09,23.06,24.02",1.5,2.3,8,0.1
207,2,"2,101","0.140,0.500","7.500,3.000","7.501,3.041,5.283,5.313,5.345,5.378,5.413,5.450,5.489,5.529","1.07,9.46,17.06,18.09,19.11,20.12,21.11,22.09,23.06,24.02",1.5,2.3,8,0.1
208,2,"2,101","0.160,0.500","7.500,3.000","7.502,3.041,5.283,5.313,5.345,5.378,5.413,5.450,5.489,5.529","1.22,9.46,17.06,18.09,19.11,20.12,21.11,22.09,23.06,24.02",1.5,2.3,8,0.1
209,2,"2,101","0.180,0.500","7.500,3.000","7.502,3.041,5.283,5.313,5.345,5.378,5.413,5.450,5.489,5.529","1.37,9.46,17.06,18.09,19.11,20.12,21.11,22.09,23.06,24.02",1.5,2.3,8,0.1
210,2,"2,101","0.200,0.500","7.500,3.000","7.503,3.041,5.283,5.313,5.345,5.378,5.413,5.450,5.489,5.529","1.53,9.46,17.06,18.09,19.11,20.12,21.11,22.09,23.06,24.02",1.5,2.3,8,0.1
211,2,"2,101","0.220,0.500","7.500,3.000","7.503,3.041,5.283,5.313,5.345,5.378,5.413,5.450,5.489,5.529","1.68,9.46,17.06,18.09,19.11,20.12,21.11,22.09,23.06,24.02",1.5,2.3,8,0.1
212,2,"2,101","0.240,0.500","7.500,3.000","7.504,3.041,5.283,5.313,5.345,5.378,5.413,5.450,5.489,5.529","1.83,9.46,17.06,18.09,19.11,20.12,21.11,22.09,23.06,24.02",1.5,2.3,8,0.1
213,2,"2,101","0.260,0.500","7.500,3.000","7.505,3.041,5.283,5.313,5.345,5.378,5.413,5.450,5.489,5.529","1.99,9.46,17.06,18.09,19.11,20.12,21.11,22.09,23.06,24.02",1.5,2.3,8,0.1
214,2,"2,101","0.280,0.500","7.500,3.000","7.505,3.041,5.283,5.313,5.345,5.378,5.413,5.450,5.489,5.529","2.14,9.46,17.06,18.09,19.11,20.12,21.11,22.09,23.06,24.02",1.5,2.3,8,0.1
215,2,"2,101","0.300,0.500","7.500,3.000","7.506,3.041,5.283,5.313,5.345,5.378,5.413,5.450,5.489,5.529","2.29,9.46,17.06,18.09,19.11,20.12,21.11,22.09,23.06,24.02",1.5,2.3,8,0.1
216,2,"2,101","0.320,0.500","7.500,3.000","7.507,3.041,5.283,5.313,5.345,5.378,5.413,5.450,5.489,5.529","2.44,9.46,17.06,18.09,19.11,20.12,21.11,22.09,23.06,24.02",1.5,2.3,8,0.1
217,2,"2,101","0.340,0.500","7.500,3.000","7.508,3.041,5.283,5.313,5.345,5.378,5.413,5.450,5.489,5.529","2.60,9.46,17.06,18.09,19.11,20.12,21.11,22.09,23.06,24.02",1.5,2.3,8,0.1
218,2,"2,101","0.360,0.500","7.500,3.000","7.509,3.041,5.283,5.313,5.345,5.378,5.413,5.450,5.489,5.529","2.75,9.46,17.06,18.09,19.11,20.12,21.11,22.09,23.06,24.02",1.5,2.3,8,0.1
219,2,"2,101","0.380,0.500","7.500,3.000","7.510,3.041,5.283,5.313,5.345,5.378,5.413,5.450,5.489,5.529","2.90,9.46,17.06,18.09,19.11,20.12,21.11,22.09,23.06,24.02",1.5,2.3,8,0.1
220,2,"2,101","0.400,0.500","7.500,3.000","7.511,3.041,5.283,5.313,5.345,5.378,5.413,5.450,5.489,5.529","3.05,9.46,17.06,18.09,19.11,20.12,21.11,22.09,23.06,24.02",1.5,2.3,8,0.1
221,2,"2,101","0.420,0.500","7.500,3.000","7.512,3.041,5.283,5.313,5.345,5.378,5.413,5.450,5.489,5.529","3.21,9.46,17.06,18.09,19.11,20.12,21.11,22.09,23.06,24.02",1.5,2.3,8,0.1
222,2,"2,101","0.440,0.500","7.500,3.000","7.513,3.041,5.283,5.313,5.345,5.378,5.413,5.450,5.489,5.529","3.36,9.46,17.06,18.09,19.11,20.12,21.11,22.09,23.06,24.02",1.5,2.3,8,0.1
223,2,"2,101","0.460,0.500","7.500,3.000","7.514,3.041,5.283,5.313,5.345,5.378,5.413,5.450,5.489,5.529","3.51,9.46,17.06,18.09,19.11,20.12,21.11,22.09,23.06,24.02",1.5,2.3,8,0.1
224,2,"2,101","0.480,0.500","7.500,3.000","7.515,3.041,5.283,5.313,5.345,5.378,5.413,5.450,5.489,5.529","3.66,9.46,17.06,18.09,19.11,20.12,21.11,22.09,23.06,24.02",1.5,2.3,8,0.1
225,2,"2,101","0.500,0.500","7.500,3.000","7.517,3.041,5.283,5.313,5.345,5.378,5.413,5.450,5.489,5.529","3.81,9.46,17.06,18.09,19.11,20.12,21.11,22.09,23.06,24.02",1.5,2.3,8,0.1
226,2,"2,101","0.520,0.500","7.500,3.000","7.518,3.041,5.283,5.313,5.345,5.378,5.413,5.450,5.489,5.529","3.97,9.46,17.06,18.09,19.11,20.12,21.11,22.09,23.06,24.02",1.5,2.3,8,0.1
227,2,"2,101","0.540,0.500","7.500,3.000","7.519,3.041,5.283,5.313,5.345,5.378,5.413,5.450,5.489,5.529","4.12,9.46,17.06,18.09,19.11,20.12,21.11,22.09,23.06,24.02",1.5,2.3,8,0.1
228,2,"2,101","0.560,0.500","7.500,3.000","7.521,3.041,5.283,5.313,5.345,5.378,5.413,5.450,5.489,5.529","4.27,9.46,17.06,18.09,19.11,20.12,21.11,22.09,23.06,24.02",1.5,2.3,8,0.1
229,2,"2,101","0.580,0.500","7.500,3.000","7.522,3.041,5.283,5.313,5.345,5.378,5.413,5.450,5.489,5.529","4.42,9.46,17.06,18.09,19.11,20.12,21.11,22.09,23.06,24.02",1.5,2.3,8,0.1
230,2,"2,101","0.600,0.500","7.500,3.000","7.524,3.041,5.283,5.313,5.345,5.378,5.413,5.450,5.489,5.529","4.57,9.46,17.06,18.09,19.11,20.12,21.11,22.09,23.06,24.02",1.5,2.3,8,0.1
231,2,"2,101","0.620,0.500","7.500,3.000","7.526,3.041,5.283,5.313,5.345,5.378,5.413,5.450,5.489,5.529","4.73,9.46,17.06,18.09,19.11,20.12,21.11,22.09,23.06,24.02",1.5,2.3,8,0.1
232,2,"2,101","0.640,0.500","7.500,3.000","7.527,3.041,5.283,5.313,5.345,5.378,5.413,5.450,5.489,5.529","4.88,9.46,17.06,18.09,19.11,20.12,21.11,22.09,23.06,24.02",1.5,2.3,8,0.1
233,2,"2,101","0.660,0.500","7.500,3.000","7.529,3.041,5.283,5.313,5.345,5.378,5.413,5.450,5.489,5.529","5.03,9.46,17.06,18.09,19.11,20.12,21.11,22.09,23.06,24.02",1.5,2.3,8,0.1
234,2,"2,101","0.680,0.500","7.500,3.000","7.531,3.041,5.283,5.313,5.345,5.378,5.413,5.450,5.489,5.529","5.18,9.46,17.06,18.09,19.11,20.12,21.11,22.09,23.06,24.02",1.5,2.3,8,0.1
235,2,"2,101","0.700,0.500","7.500,3.000","7.533,3.041,5.283,5.313,5.345,5.378,5.413,5.450,5.489,5.529","5.33,9.46,17.06,18.09,19.11,20.12,21.11,22.09,23.06,24.02",1.5,2.3,8,0.1
236,2,"2,101","0.720,0.500","7.500,3.000","7.534,3.041,5.283,5.313,5.345,5.378,5.413,5.450,5.489,5.529","5.48,9.46,17.06,18.09,19.11,20.12,21.11,22.09,23.06,24.02",1.5,2.3,8,0.1
237,2,"2,101","0.740,0.500","7.500,3.000","7.536,3.041,5.283,5.313,5.345,5.378,5.413,5.450,5.489,5.529","5.63,9.46,17.06,18.09,19.11,20.12,21.11,22.09,23.06,24.02",1.5,2.3,8,0.1
238,2,"2,101","0.760,0.500","7.500,3.000","7.538,3.041,5.283,5.313,5.345,5.378,5.413,5.450,5.489,5.529","5.79,9.46,17.06,18.09,19.11,20.12,21.11,22.09,23.06,24.02",1.5,2.3,8,0.1
239,2,"2,101","0.780,0.500","7.500,3.000","7.540,3.041,5.283,5.313,5.345,5.378,5.413,5.450,5.489,5.529","5.94,9.46,17.06,18.09,19.11,20.12,21.11,22.09,23.06,24.02",1.5,2.3,8,0.1
240,2,"2,101","0.800,0.500","7.500,3.000","7.543,3.041,5.283,5.313,5.345,5.378,5.413,5.450,5.489,5.529","6.09,9.46,17.06,18.09,19.11,20.12,21.11,22.09,23.06,24.02",1.5,2.3,8,0.1
241,2,"2,101","0.820,0.500","7.500,3.000","7.545,3.041,5.283,5.313,5.345,5.378,5.413,5.450,5.489,5.529","6.24,9.46,17.06,18.09,19.11,20.12,21.11,22.09,23.06,24.02",1.5,2.3,8,0.1
242,2,"2,101","0.840,0.500","7.500,3.000","7.547,3.041,5.283,5.313,5.345,5.378,5.413,5.450,5.489,5.529","6.39,9.46,17.06,18.09,19.11,20.12,21.11,22.09,23.06,24.02",1.5,2.3,8,0.1
243,2,"2,101","0.860,0.500","7.500,3.000","7.549,3.041,5.283,5.313,5.345,5.378,5.413,5.450,5.489,5.529","6.54,9.46,17.06,18.09,19.11,20.12,21.11,22.09,23.06,24.02",1.5,2.3,8,0.1
244,2,"2,101","0.880,0.500","7.500,3.000","7.551,3.041,5.283,5.313,5.345,5.378,5.413,5.450,5.489,5.529","6.69,9.46,17.06,18.09,19.11,20.12,21.11,22.09,23.06,24.02",1.5,2.3,8,0.1
245,2,"2,101","0.900,0.500","7.500,3.000","7.554,3.041,5.283,5.313,5.345,5.378,5.413,5.450,5.489,5.529","6.84,9.46,17.06,18.09,19.11,20.12,21.11,22.09,23.06,24.02",1.5,2.3,8,0.1
246,2,"2,101","0.920,0.500","7.500,3.000","7.556,3.041,5.283,5.313,5.345,5.378,5.413,5.450,5.489,5.529","6.99,9.46,17.06,18.09,19.11,20.12,21.11,22.09,23.06,24.02",1.5,2.3,8,0.1
247,2,"2,101","0.940,0.500","7.500,3.000","7.559,3.041,5.283,5.313,5.345,5.378,5.413,5.450,5.489,5.529","7.14,9.46,17.06,18.09,19.11,20.12,21.11,22.09,23.06,24.02",1.5,2.3,8,0.1
248,2,"2,101","0.960,0.500","7.500,3.000","7.561,3.041,5.283,5.313,5.345,5.378,5.413,5.450,5.489,5.529","7.29,9.46,17.06,18.09,19.11,20.12,21.11,22.09,23.06,24.02",1.5,2.3,8,0.1
249,2,"2,101","0.980,0.500","7.500,3.000","7.564,3.041,5.283,5.313,5.345,5.378,5.413,5.450,5.489,5.529","7.44,9.46,17.06,18.09,19.11,20.12,21.11,22.09,23.06,24.02",1.5,2.3,8,0.1
250,2,"2,101","1.000,0.500","7.500,3.000","7.566,3.041,5.283,5.313,5.345,5.378,5.413,5.450,5.489,5.529","7.59,9.46,17.06,18.09,19.11,20.12,21.11,22.09,23.06,24.02",1.5,2.3,8,0.1
251,2,"2,101","1.020,0.500","7.500,3.000","7.569,3.041,5.283,5.313,5.345,5.378,5.413,5.450,5.489,5.529","7.74,9.46,17.06,18.09,19.11,20.12,21.11,22.09,23.06,24.02",1.5,2.3,8,0.1
252,2,"2,101","1.040,0.500","7.500,3.000","7.572,3.041,5.283,5.313,5.345,5.378,5.413,5.450,5.489,5.529","7.89,9.46,17.06,18.09,19.11,20.12,21.11,22.09,23.06,24.02",1.5,2.3,8,0.1
253,2,"2,101","1.060,0.500","7.500,3.000","7.575,3.041,5.283,5.313,5.345,5.378,5.413,5.450,5.489,5.529","8.04,9.46,17.06,18.09,19.11,20.12,21.11,22.09,23.06,24.02",1.5,2.3,8,0.1
254,2,"2,101","1.080,0.500","7.500,3.000","7.577,3.041,5.283,5.313,5.345,5.378,5.413,5.450,5.489,5.529","8.19,9.46,17.06,18.09,19.11,20.12,21.11,22.09,23.06,24.02",1.5,2.3,8,0.1
255,2,"2,101","1.100,0.500","7.500,3.000","7.580,3.041,5.283,5.313,5.345,5.378,5.413,5.450,5.489,5.529","8.34,9.46,17.06,18.09,19.11,20.12,21.11,22.09,23.06,24.02",1.5,2.3,8,0.1
256,2,"2,101","1.120,0.500","7.500,3.000","7.583,3.041,5.283,5.313,5.345,5.378,5.413,5.450,5.489,5.529","8.49,9.46,17.06,18.09,19.11,20.12,21.11,22.09,23.06,24.02",1.5,2.3,8,0.1
257,2,"2,101","1.140,0.500","7.500,3.000","7.586,3.041,5.283,5.313,5.345,5.378,5.413,5.450,5.489,5.529","8.64,9.46,17.06,18.09,19.11,20.12,21.11,22.09,23.06,24.02",1.5,2.3,8,0.1
258,2,"2,101","1.160,0.500","7.500,3.000","7.589,3.041,5.283,5.313,5.345,5.378,5.413,5.450,5.489,5.529","8.79,9.46,17.06,18.09,19.11,20.12,21.11,22.09,23.06,24.02",1.5,2.3,8,0.1
259,2,"2,101","1.180,0.500","7.500,3.000","7.592,3.041,5.283,5.313,5.345,5.378,5.413,5.450,5.489,5.529","8.94,9.46,17.06,18.09,19.11,20.12,21.11,22.09,23.06,24.02",1.5,2.3,8,0.1
260,2,"2,101","1.200,0.500","7.500,3.000","7.595,3.041,5.283,5.313,5.345,5.378,5.413,5.450,5.489,5.529","9.09,9.46,17.06,18.09,19.11,20.12,21.11,22.09,23.06,24.02",1.5,2.3,8,0.1
261,2,"2,101","1.220,0.500","7.500,3.000","7.599,3.041,5.283,5.313,5.345,5.378,5.413,5.450,5.489,5.529","9.24,9.46,17.06,18.09,19.11,20.12,21.11,22.09,23.06,24.02",1.5,2.3,8,0.1
262,2,"2,101","1.240,0.500","7.500,3.000","7.602,3.041,5.283,5.313,5.345,5.378,5.413,5.450,5.489,5.529","9.39,9.46,17.06,18.09,19.11,20.12,21.11,22.09,23.06,24.02",1.5,2.3,8,0.1
263,2,"2,101","1.260,0.500","7.500,3.000","7.605,3.041,5.283,5.313,5.345,5.378,5.413,5.450,5.489,5.529","9.54,9.46,17.06,18.09,19.11,20.12,21.11,22.09,23.06,24.02",1.5,2.3,8,0.1
264,2,"2,101","1.280,0.500","7.500,3.000","7.608,3.041,5.283,5.313,5.345,5.378,5.413,5.450,5.489,5.529","9.69,9.46,17.06,18.09,19.11,20.12,21.11,22.09,23.06,24.02",1.5,2.3,8,0.1
265,2,"2,101","1.300,0.500","7.500,3.000","7.612,3.041,5.283,5.313,5.345,5.378,5.413,5.450,5.489,5.529","9.83,9.46,17.06,18.09,19.11,20.12,21.11,22.09,23.06,24.02",1.5,2.3,8,0.1
266,2,"2,101","1.320,0.500","7.500,3.000","7.615,3.041,5.283,5.313,5.345,5.378,5.413,5.450,5.489,5.529","9.98,9.46,17.06,18.09,19.11,20.12,21.11,22.09,23.06,24.02",1.5,2.3,8,0.1
267,2,"2,101","1.340,0.500","7.500,3.000","7.619,3.041,5.283,5.313,5.345,5.378,5.413,5.450,5.489,5.529","10.13,9.46,17.06,18.09,19.11,20.12,21.11,22.09,23.06,24.02",1.5,2.3,8,0.1
268,2,"2,101","1.360,0.500","7.500,3.000","7.622,3.041,5.283,5.313,5.345,5.378,5.413,5.450,5.489,5.529","10.28,9.46,17.06,18.09,19.11,20.12,21.11,22.09,23.06,24.02",1.5,2.3,8,0.1
269,2,"2,101","1.380,0.500","7.500,3.000","7.626,3.041,5.283,5.313,5.345,5.378,5.413,5.450,5.489,5.529","10.43,9.46,17.06,18.09,19.11,20.12,21.11,22.09,23.06,24.02",1.5,2.3,8,0.1
270,2,"2,101","1.400,0.500","7.500,3.000","7.630,3.041,5.283,5.313,5.345,5.378,5.413,5.450,5.489,5.529","10.57,9.46,17.06,18.09,19.11,20.12,21.11,22.09,23.06,24.02",1.5,2.3,8,0.1
271,2,"2,101","1.420,0.500","7.500,3.000","7.633,3.041,5.283,5.313,5.345,5.378,5.413,5.450,5.489,5.529","10.72,9.46,17.06,18.09,19.11,20.12,21.11,22.09,23.06,24.02",1.5,2.3,8,0.1
272,2,"2,101","1.440,0.500","7.500,3.000","7.637,3.041,5.283,5.313,5.345,5.378,5.413,5.450,5.489,5.529","10.87,9.46,17.06,18.09,19.11,20.12,21.11,22.09,23.06,24.02",1.5,2.3,8,0.1
273,2,"2,101","1.460,0.500","7.500,3.000","7.641,3.041,5.283,5.313,5.345,5.378,5.413,5.450,5.489,5.529","11.02,9.46,17.06,18.09,19.11,20.12,21.11,22.09,23.06,24.02",1.5,2.3,8,0.1
274,2,"2,101","1.480,0.500","7.500,3.000","7.645,3.041,5.283,5.313,5.345,5.378,5.413,5.450,5.489,5.529","11.16,9.46,17.06,18.09,19.11,20.12,21.11,22.09,23.06,24.02",1.5,2.3,8,0.1
275,2,"2,101","1.500,0.500","7.500,3.000","7.649,3.041,5.283,5.313,5.345,5.378,5.413,5.450,5.489,5.529","11.31,9.46,17.06,18.09,19.11,20.12,21.11,22.09,23.06,24.02",1.5,2.3,8,0.1
276,2,"2,101","1.520,0.500","7.500,3.000","7.652,3.041,5.283,5.313,5.345,5.378,5.413,5.450,5.489,5.529","11.46,9.46,17.06,18.09,19.11,20.12,21.11,22.09,23.06,24.02",1.5,2.3,8,0.1
277,2,"2,101","1.540,0.500","7.500,3.000","7.656,3.041,5.283,5.313,5.345,5.378,5.413,5.450,5.489,5.529","11.60,9.46,17.06,18.09,19.11,20.12,21.11,22.09,23.06,24.02",1.5,2.3,8,0.1
278,2,"2,101","1.560,0.500","7.500,3.000","7.661,3.041,5.283,5.313,5.345,5.378,5.413,5.450,5.489,5.529","11.75,9.46,17.06,18.09,19.11,20.12,21.11,22.09,23.06,24.02",1.5,2.3,8,0.1
279,2,"2,101","1.580,0.500","7.500,3.000","7.665,3.041,5.283,5.313,5.345,5.378,5.413,5.450,5.489,5.529","11.90,9.46,17.06,18.09,19.11,20.12,21.11,22.09,23.06,24.02",1.5,2.3,8,0.1
280,2,"2,101","1.600,0.500","7.500,3.000","7.669,3.041,5.283,5.313,5.345,5.378,5.413,5.450,5.489,5.529","12.04,9.46,17.06,18.09,19.11,20.12,21.11,22.09,23.06,24.02",1.5,2.3,8,0.1
281,2,"2,101","1.620,0.500","7.500,3.000","7.673,3.041,5.283,5.313,5.345,5.378,5.413,5.450,5.489,5.529","12.19,9.46,17.06,18.09,19.11,20.12,21.11,22.09,23.06,24.02",1.5,2.3,8,0.1
282,2,"2,101","1.640,0.500","7.500,3.000","7.677,3.041,5.283,5.313,5.345,5.378,5.413,5.450,5.489,5.529","12.33,9.46,17.06,18.09,19.11,20.12,21.11,22.09,23.06,24.02",1.5,2.3,8,0.1
283,2,"2,101","1.660,0.500","7.500,3.000","7.682,3.041,5.283,5.313,5.345,5.378,5.413,5.450,5.489,5.529","12.48,9.46,17.06,18.09,19.11,20.12,21.11,22.09,23.06,24.02",1.5,2.3,8,0.1
284,2,"2,101","1.680,0.500","7.500,3.000","7.686,3.041,5.283,5.313,5.345,5.378,5.413,5.450,5.489,5.529","12.63,9.46,17.06,18.09,19.11,20.12,21.11,22.09,23.06,24.02",1.5,2.3,8,0.1
285,2,"2,101","1.700,0.500","7.500,3.000","7.690,3.041,5.283,5.313,5.345,5.378,5.413,5.450,5.489,5.529","12.77,9.46,17.06,18.09,19.11,20.12,21.11,22.09,23.06,24.02",1.5,2.3,8,0.1
286,2,"2,101","1.720,0.500","7.500,3.000","7.695,3.041,5.283,5.313,5.345,5.378,5.413,5.450,5.489,5.529","12.92,9.46,17.06,18.09,19.11,20.12,21.11,22.09,23.06,24.02",1.5,2.3,8,0.1
287,2,"2,101","1.740,0.500","7.500,3.000","7.699,3.041,5.283,5.313,5.345,5.378,5.413,5.450,5.489,5.529","13.06,9.46,17.06,18.09,19.11,20.12,21.11,22.09,23.06,24.02",1.5,2.3,8,0.1
288,2,"2,101","1.760,0.500","7.500,3.000","7.704,3.041,5.283,5.313,5.345,5.378,5.413,5.450,5.489,5.529","13.21,9.46,17.06,18.09,19.11,20.12,21.11,22.09,23.06,24.02",1.5,2.3,8,0.1
289,2,"2,101","1.780,0.500","7.500,3.000","7.708,3.041,5.283,5.313,5.345,5.378,5.413,5.450,5.489,5.529","13.35,9.46,17.06,18.09,19.11,20.12,21.11,22.09,23.06,24.02",1.5,2.3,8,0.1
290,2,"2,101","1.800,0.500","7.500,3.000","7.713,3.041,5.283,5.313,5.345,5.378,5.413,5.450,5.489,5.529","13.50,9.46,17.06,18.09,19.11,20.12,21.11,22.09,23.06,24.02",1.5,2.3,8,0.1
291,2,"2,101","1.820,0.500","7.500,3.000","7.718,3.041,5.283,5.313,5.345,5.378,5.413,5.450,5.489,5.529","13.64,9.46,17.06,18.09,19.11,20.12,21.11,22.09,23.06,24.02",1.5,2.3,8,0.1
292,2,"2,101","1.840,0.500","7.500,3.000","7.722,3.041,5.283,5.313,5.345,5.378,5.413,5.450,5.489,5.529","13.78,9.46,17.06,18.09,19.11,20.12,21.11,22.09,23.06,24.02",1.5,2.3,8,0.1
293,2,"2,101","1.860,0.500","7.500,3.000","7.727,3.041,5.283,5.313,5.345,5.378,5.413,5.450,5.489,5.529","13.93,9.46,17.06,18.09,19.11,20.12,21.11,22.09,23.06,24.02",1.5,2.3,8,0.1
294,2,"2,101","1.880,0.500","7.500,3.000","7.732,3.041,5.283,5.313,5.345,5.378,5.413,5.450,5.489,5.529","14.07,9.46,17.06,18.09,19.11,20.12,21.11,22.09,23.06,24.02",1.5,2.3,8,0.1
295,2,"2,101","1.900,0.500","7.500,3.000","7.737,3.041,5.283,5.313,5.345,5.378,5.413,5.450,5.489,5.529","14.22,9.46,17.06,18.09,19.11,20.12,21.11,22.09,23.06,24.02",1.5,2.3,8,0.1
296,2,"2,101","1.920,0.500","7.500,3.000","7.742,3.041,5.283,5.313,5.345,5.378,5.413,5.450,5.489,5.529","14.36,9.46,17.06,18.09,19.11,20.12,21.11,22.09,23.06,24.02",1.5,2.3,8,0.1
297,2,"2,101","1.940,0.500","7.500,3.000","7.747,3.041,5.283,5.313,5.345,5.378,5.413,5.450,5.489,5.529","14.50,9.46,17.06,18.09,19.11,20.12,21.11,22.09,23.06,24.02",1.5,2.3,8,0.1
298,2,"2,101","1.960,0.500","7.500,3.000","7.752,3.041,5.283,5.313,5.345,5.378,5.413,5.450,5.489,5.529","14.65,9.46,17.06,18.09,19.11,20.12,21.11,22.09,23.06,24.02",1.5,2.3,8,0.1
299,2,"2,101","1.980,0.500","7.500,3.000","7.757,3.041,5.283,5.313,5.345,5.378,5.413,5.450,5.489,5.529","14.79,9.46,17.06,18.09,19.11,20.12,21.11,22.09,23.06,24.02",1.5,2.3,8,0.1
300,2,"2,101","2.000,0.500","7.500,3.000","7.762,3.041,5.283,5.313,5.345,5.378,5.413,5.450,5.489,5.529","14.93,9.46,17.06,18.09,19.11,20.12,21.11,22.09,23.06,24.02",1.5,2.3,8,0.1
301,2,"2,101","2.020,0.500","7.500,3.000","7.767,3.041,5.283,5.313,5.345,5.378,5.413,5.450,5.489,5.529","15.07,9.46,17.06,18.09,19.11,20.12,21.11,22.09,23.06,24.02",1.5,2.3,8,0.1
302,2,"2,101","2.040,0.500","7.500,3.000","7.772,3.041,5.283,5.313,5.345,5.378,5.413,5.450,5.489,5.529","15.22,9.46,17.06,18.09,19.11,20.12,21.11,22.09,23.06,24.02",1.5,2.3,8,0.1
303,1,101,0.500,3.000,"3.041,5.283,5.313,5.345,5.378,5.413,5.450,5.489,5.529","9.46,17.06,18.09,19.11,20.12,21.11,22.09,23.06,24.02",1.5,2.3,8,0.1
304,1,101,0.500,3.000,"3.041,5.283,5.313,5.345,5.378,5.413,5.450,5.489,5.529","9.46,17.06,18.09,19.11,20.12,21.11,22.09,23.06,24.02",1.5,2.3,8,0.1
305,1,101,0.500,3.000,"3.041,5.283,5.313,5.345,5.378,5.413,5.450,5.489,5.529","9.46,17.06,18.09,19.11,20.12,21.11,22.09,23.06,24.02",1.5,2.3,8,0.1
306,1,101,0.500,3.000,"3.041,5.283,5.313,5.345,5.378,5.413,5.450,5.489,5.529","9.46,17.06,18.09,19.11,20.12,21.11,22.09,23.06,24.02",1.5,2.3,8,0.1
307,1,101,0.500,3.000,"3.041,5.283,5.313,5.345,5.378,5.413,5.450,5.489,5.529","9.46,17.06,18.09,19.11,20.12,21.11,22.09,23.06,24.02",1.5,2.3,8,0.1
308,1,101,0.500,3.000,"3.041,5.283,5.313,5.345,5.378,5.413,5.450,5.489,5.529","9.46,17.06,18.09,19.11,20.12,21.11,22.09,23.06,24.02",1.5,2.3,8,0.1
309,1,101,0.500,3.000,"3.041,5.283,5.313,5.345,5.378,5.413,5.450,5.489,5.529","9.46,17.06,18.09,19.11,20.12,21.11,22.09,23.06,24.02",1.5,2.3,8,0.1
310,1,101,0.500,3.000,"3.041,5.283,5.313,5.345,5.378,5.413,5.450,5.489,5.529","9.46,17.06,18.09,19.11,20.12,21.11,22.09,23.06,24.02",1.5,2.3,8,0.1
311,1,101,0.500,3.000,"3.041,5.283,5.313,5.345,5.378,5.413,5.450,5.489,5.529","9.46,17.06,18.09,19.11,20.12,21.11,22.09,23.06,24.02",1.5,2.3,8,0.1
312,1,101,0.500,3.000,"3.041,5.283,5.313,5.345,5.378,5.413,5.450,5.489,5.529","9.46,17.06,18.09,19.11,20.12,21.11,22.09,23.06,24.02",1.5,2.3,8,0.1
313,1,101,0.500,3.000,"3.041,5.283,5.313,5.345,5.378,5.413,5.450,5.489,5.529","9.46,17.06,18.09,19.11,20.12,21.11,22.09,23.06,24.02",1.5,2.3,8,0.1
314,1,101,0.500,3.000,"3.041,5.283,5.313,5.345,5.378,5.413,5.450,5.489,5.529","9.46,17.06,18.09,19.11,20.12,21.11,22.09,23.06,24.02",1.5,2.3,8,0.1
315,1,101,0.500,3.000,"3.041,5.283,5.313,5.345,5.378,5.413,5.450,5.489,5.529","9.46,17.06,18.09,19.11,20.12,21.11,22.09,23.06,24.02",1.5,2.3,8,0.1
316,1,101,0.500,3.000,"3.041,5.283,5.313,5.345,5.378,5.413,5.450,5.489,5.529","9.46,17.06,18.09,19.11,20.12,21.11,22.09,23.06,24.02",1.5,2.3,8,0.1
317,1,101,0.500,3.000,"3.041,5.283,5.313,5.345,5.378,5.413,5.450,5.489,5.529","9.46,17.06,18.09,19.11,20.12,21.11,22.09,23.06,24.02",1.5,2.3,8,0.1
318,1,101,0.500,3.000,"3.041,5.283,5.313,5.345,5.378,5.413,5.450,5.489,5.529","9.46,17.06,18.09,19.11,20.12,21.11,22.09,23.06,24.02",1.5,2.3,8,0.1
319,1,101,0.500,3.000,"3.041,5.283,5.313,5.345,5.378,5.413,5.450,5.489,5.529","9.46,17.06,18.09,19.11,20.12,21.11,22.09,23.06,24.02",1.5,2.3,8,0.1
320,1,101,0.500,3.000,"3.041,5.283,5.313,5.345,5.378,5.413,5.450,5.489,5.529","9.46,17.06,18.09,19.11,20.12,21.11,22.09,23.06,24.02",1.5,2.3,8,0.1
321,1,101,0.500,3.000,"3.041,5.283,5.313,5.345,5.378,5.413,5.450,5.489,5.529","9.46,17.06,18.09,19.11,20.12,21.11,22.09,23.06,24.02",1.5,2.3,8,0.1
322,1,101,0.500,3.000,"3.041,5.283,5.313,5.345,5.378,5.413,5.450,5.489,5.529","9.46,17.06,18.09,19.11,20.12,21.11,22.09,23.06,24.02",1.5,2.3,8,0.1
323,1,101,0.500,3.000,"3.041,5.283,5.313,5.345,5.378,5.413,5.450,5.489,5.529","9.46,17.06,18.09,19.11,20.12,21.11,22.09,23.06,24.02",1.5,2.3,8,0.1
324,1,101,0.500,3.000,"3.041,5.283,5.313,5.345,5.378,5.413,5.450,5.489,5.529","9.46,17.06,18.09,19.11,20.12,21.11,22.09,23.06,24.02",1.5,2.3,8,0.1
325,1,101,0.500,3.000,"3.041,5.283,5.313,5.345,5.378,5.413,5.450,5.489,5.529","9.46,17.06,18.09,19.11,20.12,21.11,22.09,23.06,24.02",1.5,2.3,8,0.1
326,1,101,0.500,3.000,"3.041,5.283,5.313,5.345,5.378,5.413,5.450,5.489,5.529","9.46,17.06,18.09,19.11,20.12,21.11,22.09,23.06,24.02",1.5,2.3,8,0.1
327,1,101,0.500,3.000,"3.041,5.283,5.313,5.345,5.378,5.413,5.450,5.489,5.529","9.46,17.06,18.09,19.11,20.12,21.11,22.09,23.06,24.02",1.5,2.3,8,0.1
328,1,101,0.500,3.000,"3.041,5.283,5.313,5.345,5.378,5.413,5.450,5.489,5.529","9.46,17.06,18.09,19.11,20.12,21.11,22.09,23.06,24.02",1.5,2.3,8,0.1
329,1,101,0.500,3.000,"3.041,5.283,5.313,5.345,5.378,5.413,5.450,5.489,5.529","9.46,17.06,18.09,19.11,20.12,21.11,22.09,23.06,24.02",1.5,2.3,8,0.1
330,1,101,0.500,3.000,"3.041,5.283,5.313,5.345,5.378,5.413,5.450,5.489,5.529","9.46,17.06,18.09,19.11,20.12,21.11,22.09,23.06,24.02",1.5,2.3,8,0.1
331,1,101,0.500,3.000,"3.041,5.283,5.313,5.345,5.378,5.413,5.450,5.489,5.529","9.46,17.06,18.09,19.11,20.12,21.11,22.09,23.06,24.02",1.5,2.3,8,0.1
332,1,101,0.500,3.000,"3.041,5.283,5.313,5.345,5.378,5.413,5.450,5.489,5.529","9.46,17.06,18.09,19.11,20.12,21.11,22.09,23.06,24.02",1.5,2.3,8,0.1
333,1,101,0.500,3.000,"3.041,5.283,5.313,5.345,5.378,5.413,5.450,5.489,5.529","9.46,17.06,18.09,19.11,20.12,21.11,22.09,23.06,24.02",1.5,2.3,8,0.1
334,1,101,0.500,3.000,"3.041,5.283,5.313,5.345,5.378,5.413,5.450,5.489,5.529","9.46,17.06,18.09,19.11,20.12,21.11,22.09,23.06,24.02",1.5,2.3,8,0.1
335,1,101,0.500,3.000,"3.041,5.283,5.313,5.345,5.378,5.413,5.450,5.489,5.529","9.46,17.06,18.09,19.11,20.12,21.11,22.09,23.06,24.02",1.5,2.3,8,0.1
336,1,101,0.500,3.000,"3.041,5.283,5.313,5.345,5.378,5.413,5.450,5.489,5.529","9.46,17.06,18.09,19.11,20.12,21.11,22.09,23.06,24.02",1.5,2.3,8,0.1
337,1,101,0.500,3.000,"3.041,5.283,5.313,5.345,5.378,5.413,5.450,5.489,5.529","9.46,17.06,18.09,19.11,20.12,21.11,22.09,23.06,24.02",1.5,2.3,8,0.1
338,1,101,0.500,3.000,"3.041,5.283,5.313,5.345,5.378,5.413,5.450,5.489,5.529","9.46,17.06,18.09,19.11,20.12,21.11,22.09,23.06,24.02",1.5,2.3,8,0.1
339,1,101,0.500,3.000,"3.041,5.283,5.313,5.345,5.378,5.413,5.450,5.489,5.529","9.46,17.06,18.09,19.11,20.12,21.11,22.09,23.06,24.02",1.5,2.3,8,0.1
340,1,101,0.500,3.000,"3.041,5.283,5.313,5.345,5.378,5.413,5.450,5.489,5.529","9.46,17.06,18.09,19.11,20.12,21.11,22.09,23.06,24.02",1.5,2.3,8,0.1
341,1,101,0.500,3.000,"3.041,5.283,5.313,5.345,5.378,5.413,5.450,5.489,5.529","9.46,17.06,18.09,19.11,20.12,21.11,22.09,23.06,24.02",1.5,2.3,8,0.1
342,1,101,0.500,3.000,"3.041,5.283,5.313,5.345,5.378,5.413,5.450,5.489,5.529","9.46,17.06,18.09,19.11,20.12,21.11,22.09,23.06,24.02",1.5,2.3,8,0.1
343,1,101,0.500,3.000,"3.041,5.283,5.313,5.345,5.378,5.413,5.450,5.489,5.529","9.46,17.06,18.09,19.11,20.12,21.11,22.09,23.06,24.02",1.5,2.3,8,0.1
344,1,101,0.500,3.000,"3.041,5.283,5.313,5.345,5.378,5.413,5.450,5.489,5.529","9.46,17.06,18.09,19.11,20.12,21.11,22.09,23.06,24.02",1.5,2.3,8,0.1
345,1,101,0.500,3.000,"3.041,5.283,5.313,5.345,5.378,5.413,5.450,5.489,5.529","9.46,17.06,18.09,19.11,20.12,21.11,22.09,23.06,24.02",1.5,2.3,8,0.1
346,1,101,0.500,3.000,"3.041,5.283,5.313,5.345,5.378,5.413,5.450,5.489,5.529","9.46,17.06,18.09,19.11,20.12,21.11,22.09,23.06,24.02",1.5,2.3,8,0.1
347,1,101,0.500,3.000,"3.041,5.283,5.313,5.345,5.378,5.413,5.450,5.489,5.529","9.46,17.06,18.09,19.11,20.12,21.11,22.09,23.06,24.02",1.5,2.3,8,0.1
348,1,101,0.500,3.000,"3.041,5.283,5.313,5.345,5.378,5.413,5.450,5.489,5.529","9.46,17.06,18.09,19.11,20.12,21.11,22.09,23.06,24.02",1.5,2.3,8,0.1
349,1,101,0.500,3.000,"3.041,5.283,5.313,5.345,5.378,5.413,5.450,5.489,5.529","9.46,17.06,18.09,19.11,20.12,21.11,22.09,23.06,24.02",1.5,2.3,8,0.1
350,1,101,0.500,3.000,"3.041,5.283,5.313,5.345,5.378,5.413,5.450,5.489,5.529","9.46,17.06,18.09,19.11,20.12,21.11,22.09,23.06,24.02",1.5,2.3,8,0.1
351,1,101,0.500,3.000,"3.041,5.283,5.313,5.345,5.378,5.413,5.450,5.489,5.529","9.46,17.06,18.09,19.11,20.12,21.11,22.09,23.06,24.02",1.5,2.3,8,0.1
352,1,101,0.500,3.000,"3.041,5.283,5.313,5.345,5.378,5.413,5.450,5.489,5.529","9.46,17.06,18.09,19.11,20.12,21.11,22.09,23.06,24.02",1.5,2.3,8,0.1
353,1,101,0.500,3.000,"3.041,5.283,5.313,5.345,5.378,5.413,5.450,5.489,5.529","9.46,17.06,18.09,19.11,20.12,21.11,22.09,23.06,24.02",1.5,2.3,8,0.1
354,1,101,0.500,3.000,"3.041,5.283,5.313,5.345,5.378,5.413,5.450,5.489,5.529","9.46,17.06,18.09,19.11,20.12,21.11,22.09,23.06,24.02",1.5,2.3,8,0.1
355,1,101,0.500,3.000,"3.041,5.283,5.313,5.345,5.378,5.413,5.450,5.489,5.529","9.46,17.06,18.09,19.11,20.12,21.11,22.09,23.06,24.02",1.5,2.3,8,0.1
356,1,101,0.500,3.000,"3.041,5.283,5.313,5.345,5.378,5.413,5.450,5.489,5.529","9.46,17.06,18.09,19.11,20.12,21.11,22.09,23.06,24.02",1.5,2.3,8,0.1
357,1,101,0.500,3.000,"3.041,5.283,5.313,5.345,5.378,5.413,5.450,5.489,5.529","9.46,17.06,18.09,19.11,20.12,21.11,22.09,23.06,24.02",1.5,2.3,8,0.1
358,1,101,0.500,3.000,"3.041,5.283,5.313,5.345,5.378,5.413,5.450,5.489,5.529","9.46,17.06,18.09,19.11,20.12,21.11,22.09,23.06,24.02",1.5,2.3,8,0.1
359,1,101,0.500,3.000,"3.041,5.283,5.313,5.345,5.378,5.413,5.450,5.489,5.529","9.46,17.06,18.09,19.11,20.12,21.11,22.09,23.06,24.02",1.5,2.3,8,0.1
360,1,101,0.500,3.000,"3.041,5.283,5.313,5.345,5.378,5.413,5.450,5.489,5.529","9.46,17.06,18.09,19.11,20.12,21.11,22.09,23.06,24.02",1.5,2.3,8,0.1
361,1,101,0.500,3.000,"3.041,5.283,5.313,5.345,5.378,5.413,5.450,5.489,5.529","9.46,17.06,18.09,19.11,20.12,21.11,22.09,23.06,24.02",1.5,2.3,8,0.1
362,1,101,0.500,3.000,"3.041,5.283,5.313,5.345,5.378,5.413,5.450,5.489,5.529","9.46,17.06,18.09,19.11,20.12,21.11,22.09,23.06,24.02",1.5,2.3,8,0.1
363,1,101,0.500,3.000,"3.041,5.283,5.313,5.345,5.378,5.413,5.450,5.489,5.529","9.46,17.06,18.09,19.11,20.12,21.11,22.09,23.06,24.02",1.5,2.3,8,0.1
364,1,101,0.500,3.000,"3.041,5.283,5.313,5.345,5.378,5.413,5.450,5.489,5.529","9.46,17.06,18.09,19.11,20.12,21.11,22.09,23.06,24.02",1.5,2.3,8,0.1
365,1,101,0.500,3.000,"3.041,5.283,5.313,5.345,5.378,5.413,5.450,5.489,5.529","9.46,17.06,18.09,19.11,20.12,21.11,22.09,23.06,24.02",1.5,2.3,8,0.1
366,1,101,0.500,3.000,"3.041,5.283,5.313,5.345,5.378,5.413,5.450,5.489,5.529","9.46,17.06,18.09,19.11,20.12,21.11,22.09,23.06,24.02",1.5,2.3,8,0.1
367,1,101,0.500,3.000,"3.041,5.283,5.313,5.345,5.378,5.413,5.450,5.489,5.529","9.46,17.06,18.09,19.11,20.12,21.11,22.09,23.06,24.02",1.5,2.3,8,0.1
368,1,101,0.500,3.000,"3.041,5.283,5.313,5.345,5.378,5.413,5.450,5.489,5.529","9.46,17.06,18.09,19.11,20.12,21.11,22.09,23.06,24.02",1.5,2.3,8,0.1
369,1,101,0.500,3.000,"3.041,5.283,5.313,5.345,5.378,5.413,5.450,5.489,5.529","9.46,17.06,18.09,19.11,20.12,21.11,22.09,23.06,24.02",1.5,2.3,8,0.1
370,1,101,0.500,3.000,"3.041,5.283,5.313,5.345,5.378,5.413,5.450,5.489,5.529","9.46,17.06,18.09,19.11,20.12,21.11,22.09,23.06,24.02",1.5,2.3,8,0.1
371,1,101,0.500,3.000,"3.041,5.283,5.313,5.345,5.378,5.413,5.450,5.489,5.529","9.46,17.06,18.09,19.11,20.12,21.11,22.09,23.06,24.02",1.5,2.3,8,0.1
372,1,101,0.500,3.000,"3.041,5.283,5.313,5.345,5.378,5.413,5.450,5.489,5.529","9.46,17.06,18.09,19.11,20.12,21.11,22.09,23.06,24.02",1.5,2.3,8,0.1
373,2,"2,101","3.460,0.500","7.500,3.000","8.260,3.041,5.283,5.313,5.345,5.378,5.413,5.450,5.489,5.529","24.77,9.46,17.06,18.09,19.11,20.12,21.11,22.09,23.06,24.02",1.5,2.3,8,0.1
374,2,"2,101","3.480,0.500","7.500,3.000","8.268,3.041,5.283,5.313,5.345,5.378,5.413,5.450,5.489,5.529","24.89,9.46,17.06,18.09,19.11,20.12,21.11,22.09,23.06,24.02",1.5,2.3,8,0.1
375,2,"2,101","3.500,0.500","7.500,3.000","8.276,3.041,5.283,5.313,5.345,5.378,5.413,5.450,5.489,5.529","25.02,9.46,17.06,18.09,19.11,20.12,21.11,22.09,23.06,24.02",1.5,2.3,8,0.1
376,2,"2,101","3.520,0.500","7.500,3.000","8.285,3.041,5.283,5.313,5.345,5.378,5.413,5.450,5.489,5.529","25.14,9.46,17.06,18.09,19.11,20.12,21.11,22.09,23.06,24.02",1.5,2.3,8,0.1
377,2,"2,101","3.540,0.500","7.500,3.000","8.293,3.041,5.283,5.313,5.345,5.378,5.413,5.450,5.489,5.529","25.27,9.46,17.06,18.09,19.11,20.12,21.11,22.09,23.06,24.02",1.5,2.3,8,0.1
378,2,"2,101","3.560,0.500","7.500,3.000","8.302,3.041,5.283,5.313,5.345,5.378,5.413,5.450,5.489,5.529","25.39,9.46,17.06,18.09,19.11,20.12,21.11,22.09,23.06,24.02",1.5,2.3,8,0.1
379,2,"2,101","3.580,0.500","7.500,3.000","8.311,3.041,5.283,5.313,5.345,5.378,5.413,5.450,5.489,5.529","25.52,9.46,17.06,18.09,19.11,20.12,21.11,22.09,23.06,24.02",1.5,2.3,8,0.1
380,2,"2,101","3.600,0.500","7.500,3.000","8.319,3.041,5.283,5.313,5.345,5.378,5.413,5.450,5.489,5.529","25.64,9.46,17.06,18.09,19.11,20.12,21.11,22.09,23.06,24.02",1.5,2.3,8,0.1
381,2,"2,101","3.620,0.500","7.500,3.000","8.328,3.041,5.283,5.313,5.345,5.378,5.413,5.450,5.489,5.529","25.77,9.46,17.06,18.09,19.11,20.12,21.11,22.09,23.06,24.02",1.5,2.3,8,0.1
382,2,"2,101","3.640,0.500","7.500,3.000","8.337,3.041,5.283,5.313,5.345,5.378,5.413,5.450,5.489,5.529","25.89,9.46,17.06,18.09,19.11,20.12,21.11,22.09,23.06,24.02",1.5,2.3,8,0.1
383,2,"2,101","3.660,0.500","7.500,3.000","8.345,3.041,5.283,5.313,5.345,5.378,5.413,5.450,5.489,5.529","26.01,9.46,17.06,18.09,19.11,20.12,21.11,22.09,23.06,24.02",1.5,2.3,8,0.1
384,2,"2,101","3.680,0.500","7.500,3.000","8.354,3.041,5.283,5.313,5.345,5.378,5.413,5.450,5.489,5.529","26.14,9.46,17.06,18.09,19.11,20.12,21.11,22.09,23.06,24.02",1.5,2.3,8,0.1
385,2,"2,101","3.700,0.500","7.500,3.000","8.363,3.041,5.283,5.313,5.345,5.378,5.413,5.450,5.489,5.529","26.26,9.46,17.06,18.09,19.11,20.12,21.11,22.09,23.06,24.02",1.5,2.3,8,0.1
386,2,"2,101","3.720,0.500","7.500,3.000","8.372,3.041,5.283,5.313,5.345,5.378,5.413,5.450,5.489,5.529","26.38,9.46,17.06,18.09,19.11,20.12,21.11,22.09,23.06,24.02",1.5,2.3,8,0.1
387,2,"2,101","3.740,0.500","7.500,3.000","8.381,3.041,5.283,5.313,5.345,5.378,5.413,5.450,5.489,5.529","26.50,9.46,17.06,18.09,19.11,20.12,21.11,22.09,23.06,24.02",1.5,2.3,8,0.1
388,2,"2,101","3.760,0.500","7.500,3.000","8.390,3.041,5.283,5.313,5.345,5.378,5.413,5.450,5.489,5.529","26.63,9.46,17.06,18.09,19.11,20.12,21.11,22.09,23.06,24.02",1.5,2.3,8,0.1
389,2,"2,101","3.780,0.500","7.500,3.000","8.399,3.041,5.283,5.313,5.345,5.378,5.413,5.450,5.489,5.529","26.75,9.46,17.06,18.09,19.11,20.12,21.11,22.09,23.06,24.02",1.5,2.3,8,0.1
390,2,"2,101","3.800,0.500","7.500,3.000","8.408,3.041,5.283,5.313,5.345,5.378,5.413,5.450,5.489,5.529","26.87,9.46,17.06,18.09,19.11,20.12,21.11,22.09,23.06,24.02",1.5,2.3,8,0.1
391,2,"2,101","3.820,0.500","7.500,3.000","8.417,3.041,5.283,5.313,5.345,5.378,5.413,5.450,5.489,5.529","26.99,9.46,17.06,18.09,19.11,20.12,21.11,22.09,23.06,24.02",1.5,2.3,8,0.1
392,2,"2,101","3.840,0.500","7.500,3.000","8.426,3.041,5.283,5.313,5.345,5.378,5.413,5.450,5.489,5.529","27.11,9.46,17.06,18.09,19.11,20.12,21.11,22.09,23.06,24.02",1.5,2.3,8,0.1
393,2,"2,101","3.860,0.500","7.500,3.000","8.435,3.041,5.283,5.313,5.345,5.378,5.413,5.450,5.489,5.529","27.23,9.46,17.06,18.09,19.11,20.12,21.11,22.09,23.06,24.02",1.5,2.3,8,0.1
394,2,"2,101","3.880,0.500","7.500,3.000","8.444,3.041,5.283,5.313,5.345,5.378,5.413,5.450,5.489,5.529","27.35,9.46,17.06,18.09,19.11,20.12,21.11,22.09,23.06,24.02",1.5,2.3,8,0.1
395,2,"2,101","3.900,0.500","7.500,3.000","8.453,3.041,5.283,5.313,5.345,5.378,5.413,5.450,5.489,5.529","27.47,9.46,17.06,18.09,19.11,20.12,21.11,22.09,23.06,24.02",1.5,2.3,8,0.1
396,2,"2,101","3.920,0.500","7.500,3.000","8.463,3.041,5.283,5.313,5.345,5.378,5.413,5.450,5.489,5.529","27.59,9.46,17.06,18.09,19.11,20.12,21.11,22.09,23.06,24.02",1.5,2.3,8,0.1
397,2,"2,101","3.940,0.500","7.500,3.000","8.472,3.041,5.283,5.313,5.345,5.378,5.413,5.450,5.489,5.529","27.71,9.46,17.06,18.09,19.11,20.12,21.11,22.09,23.06,24.02",1.5,2.3,8,0.1
398,2,"2,101","3.960,0.500","7.500,3.000","8.481,3.041,5.283,5.313,5.345,5.378,5.413,5.450,5.489,5.529","27.83,9.46,17.06,18.09,19.11,20.12,21.11,22.09,23.06,24.02",1.5,2.3,8,0.1
399,2,"2,101","3.980,0.500","7.500,3.000","8.491,3.041,5.283,5.313,5.345,5.378,5.413,5.450,5.489,5.529","27.95,9.46,17.06,18.09,19.11,20.12,21.11,22.09,23.06,24.02",1.5,2.3,8,0.1
